VISIT_DATE,CONSTRUCTION_NO,STATE_CODE,STATE_CODE_EXP,VISIT_NO,SHRP_ID,MRI
1999-05-11,1,1,Alabama,01412605,4126,0.9980000257492065
1999-05-11,1,1,Alabama,01412605,4126,0.9800000190734863
1999-06-17,1,1,Alabama,01102105,1021,1.1349999904632568
1999-04-20,1,1,Alabama,01412506,4125,1.2649999856948853
1999-05-11,1,1,Alabama,01412605,4126,0.9879999756813049
1995-12-19,1,1,Alabama,01412505,4125,1.13100004196167
1999-05-11,1,1,Alabama,01412605,4126,1.003000020980835
1995-12-19,1,1,Alabama,01412505,4125,1.0809999704360962
1999-05-11,1,1,Alabama,01412605,4126,1.0210000276565552
1995-12-19,1,1,Alabama,01412505,4125,1.100000023841858
1995-12-19,1,1,Alabama,01412505,4125,1.100000023841858
1992-02-10,1,1,Alabama,01412602,4126,0.8399999737739563
1990-12-06,1,1,Alabama,01412601,4126,0.8169999718666077
1992-04-03,1,1,Alabama,01102102,1021,0.9319999814033508
1990-12-11,1,1,Alabama,01412502,4125,0.9660000205039978
1995-12-13,1,1,Alabama,01102104,1021,1.0140000581741333
1990-06-06,1,1,Alabama,01102101,1021,0.9710000157356262
1990-06-07,1,1,Alabama,01412501,4125,0.9350000023841858
1994-08-23,1,1,Alabama,01412504,4125,1.0889999866485596
1992-02-10,1,1,Alabama,01412602,4126,0.8159999847412109
1996-01-09,1,1,Alabama,01412604,4126,0.953000009059906
1996-01-09,1,1,Alabama,01412604,4126,0.9459999799728394
1995-12-13,1,1,Alabama,01102104,1021,0.9829999804496765
1992-04-03,1,1,Alabama,01102102,1021,0.9549999833106995
1996-01-09,1,1,Alabama,01412604,4126,0.949999988079071
1990-06-06,1,1,Alabama,01102101,1021,0.9760000109672546
1994-02-02,1,1,Alabama,01412603,4126,0.828000009059906
1990-12-06,1,1,Alabama,01412601,4126,0.8050000071525574
1999-04-20,1,1,Alabama,01412506,4125,1.246000051498413
1990-12-06,1,1,Alabama,01412601,4126,0.824999988079071
1994-08-23,1,1,Alabama,01412504,4125,1.0859999656677246
1995-12-19,1,1,Alabama,01412505,4125,1.1089999675750732
1994-02-17,1,1,Alabama,01102103,1021,0.9950000047683716
1994-02-02,1,1,Alabama,01412603,4126,0.8349999785423279
1999-06-17,1,1,Alabama,01102105,1021,1.1729999780654907
1990-06-07,1,1,Alabama,01412501,4125,0.9599999785423279
1992-02-10,1,1,Alabama,01412602,4126,0.8349999785423279
1994-02-02,1,1,Alabama,01412603,4126,0.8489999771118164
1992-02-10,1,1,Alabama,01412602,4126,0.8330000042915344
1994-08-23,1,1,Alabama,01412504,4125,1.1019999980926514
1994-02-17,1,1,Alabama,01102103,1021,0.996999979019165
1990-06-06,1,1,Alabama,01102101,1021,0.9710000157356262
1990-12-11,1,1,Alabama,01412502,4125,0.9649999737739563
1990-06-06,1,1,Alabama,01102101,1021,0.9670000076293945
1990-06-07,1,1,Alabama,01412501,4125,0.9089999794960022
1992-04-03,1,1,Alabama,01102102,1021,0.9660000205039978
1990-06-07,1,1,Alabama,01412501,4125,0.9589999914169312
1994-02-17,1,1,Alabama,01102103,1021,0.9950000047683716
1990-12-11,1,1,Alabama,01412502,4125,0.9750000238418579
1995-12-13,1,1,Alabama,01102104,1021,1.0089999437332153
1992-07-29,1,1,Alabama,01412503,4125,0.9399999976158142
1994-08-23,1,1,Alabama,01412504,4125,1.1119999885559082
1992-04-03,1,1,Alabama,01102102,1021,0.9620000123977661
1999-04-20,1,1,Alabama,01412506,4125,1.2400000095367432
1999-04-20,1,1,Alabama,01412506,4125,1.5390000343322754
1992-07-29,1,1,Alabama,01412503,4125,0.9229999780654907
1990-06-07,1,1,Alabama,01412501,4125,0.9279999732971191
1999-06-17,1,1,Alabama,01102105,1021,1.1610000133514404
1990-12-11,1,1,Alabama,01412502,4125,0.9819999933242798
1990-12-06,1,1,Alabama,01412601,4126,0.8080000281333923
1990-12-06,1,1,Alabama,01412601,4126,0.8190000057220459
1992-07-29,1,1,Alabama,01412503,4125,0.9169999957084656
1994-02-02,1,1,Alabama,01412603,4126,0.8410000205039978
1999-06-17,1,1,Alabama,01102105,1021,1.184000015258789
1994-02-17,1,1,Alabama,01102103,1021,0.9769999980926514
1995-12-13,1,1,Alabama,01102104,1021,1.0140000581741333
1992-02-10,1,1,Alabama,01412602,4126,0.8450000286102295
1994-02-02,1,1,Alabama,01412603,4126,0.8489999771118164
1992-07-29,1,1,Alabama,01412503,4125,0.9210000038146973
1996-01-09,1,1,Alabama,01412604,4126,0.9459999799728394
1994-08-23,1,1,Alabama,01412504,4125,1.0989999771118164
1992-04-03,1,1,Alabama,01102102,1021,0.9269999861717224
1994-02-17,1,1,Alabama,01102103,1021,0.9769999980926514
1995-12-13,1,1,Alabama,01102104,1021,1.0069999694824219
1990-12-11,1,1,Alabama,01412502,4125,0.9620000123977661
1990-06-06,1,1,Alabama,01102101,1021,0.9620000123977661
1996-01-09,1,1,Alabama,01412604,4126,0.9480000138282776
1992-07-29,1,1,Alabama,01412503,4125,0.9309999942779541
1999-06-17,1,1,Alabama,01102105,1021,1.1690000295639038
1999-04-20,1,1,Alabama,01412506,4125,1.218000054359436
1994-09-22,1,5,Arkansas,05304804,3048,1.6990000009536743
1990-11-16,1,5,Arkansas,05304801,3048,1.6480000019073486
2003-04-16,1,5,Arkansas,05304807,3048,3.5460000038146973
2004-11-04,1,5,Arkansas,05304808,3048,3.74399995803833
2004-11-04,1,5,Arkansas,05304808,3048,3.934000015258789
2003-04-16,1,5,Arkansas,05304807,3048,3.561000108718872
2003-04-16,1,5,Arkansas,05304807,3048,3.571000099182129
2003-04-16,1,5,Arkansas,05304807,3048,3.503000020980835
2004-11-04,1,5,Arkansas,05304808,3048,3.50600004196167
2001-02-08,1,5,Arkansas,05304806,3048,2.884000062942505
2001-02-08,1,5,Arkansas,05304806,3048,2.878000020980835
2003-04-16,1,5,Arkansas,05304807,3048,3.5360000133514404
2001-02-08,1,5,Arkansas,05304806,3048,2.8499999046325684
2001-02-08,1,5,Arkansas,05304806,3048,2.871999979019165
1998-03-23,1,5,Arkansas,05304805,3048,2.0179998874664307
1998-03-23,1,5,Arkansas,05304805,3048,2.124000072479248
1998-03-23,1,5,Arkansas,05304805,3048,2.124000072479248
1998-03-23,1,5,Arkansas,05304805,3048,1.8830000162124634
1998-03-23,1,5,Arkansas,05304805,3048,2.003999948501587
1991-12-10,1,5,Arkansas,05304802,3048,1.659999966621399
1994-09-22,1,5,Arkansas,05304804,3048,1.6770000457763672
1993-09-09,1,5,Arkansas,05304803,3048,1.6929999589920044
1990-11-16,1,5,Arkansas,05304801,3048,1.6790000200271606
1993-09-09,1,5,Arkansas,05304803,3048,1.7059999704360962
1990-11-16,1,5,Arkansas,05304801,3048,1.6200000047683716
1994-09-22,1,5,Arkansas,05304804,3048,1.6729999780654907
1991-12-10,1,5,Arkansas,05304802,3048,1.6740000247955322
1991-12-10,1,5,Arkansas,05304802,3048,1.6690000295639038
2004-11-04,1,5,Arkansas,05304808,3048,3.687000036239624
2004-11-04,1,5,Arkansas,05304808,3048,3.9189999103546143
1993-09-09,1,5,Arkansas,05304803,3048,1.6920000314712524
1994-09-22,1,5,Arkansas,05304804,3048,1.6619999408721924
1993-09-09,1,5,Arkansas,05304803,3048,1.6690000295639038
1991-12-10,1,5,Arkansas,05304802,3048,1.6440000534057617
1993-09-09,1,5,Arkansas,05304803,3048,1.684999942779541
1990-11-16,1,5,Arkansas,05304801,3048,1.6339999437332153
1994-09-22,1,5,Arkansas,05304804,3048,1.6579999923706055
1991-12-10,1,5,Arkansas,05304802,3048,1.6610000133514404
1990-11-16,1,5,Arkansas,05304801,3048,1.6200000047683716
2001-02-08,1,5,Arkansas,05304806,3048,2.8570001125335693
1995-03-29,1,6,California,06820105,8201,1.3669999837875366
1990-01-22,1,6,California,06820101,8201,1.3179999589920044
2004-11-18,1,6,California,06820111,8201,1.649999976158142
2004-11-04,1,6,California,06264711,2647,1.8450000286102295
2004-11-18,1,6,California,06820111,8201,1.628000020980835
2004-11-04,1,6,California,06264711,2647,1.812000036239624
2004-11-04,1,6,California,06264711,2647,1.8630000352859497
2004-11-04,1,6,California,06264711,2647,1.8589999675750732
2004-11-18,1,6,California,06820111,8201,1.6779999732971191
2004-11-18,1,6,California,06820111,8201,1.6440000534057617
2004-11-18,1,6,California,06820111,8201,1.6649999618530273
2004-11-04,1,6,California,06264711,2647,1.909999966621399
1990-01-22,1,6,California,06820101,8201,1.3209999799728394
1990-01-22,1,6,California,06820101,8201,1.315000057220459
1995-03-29,1,6,California,06820105,8201,1.3760000467300415
1990-01-22,1,6,California,06820101,8201,1.3240000009536743
1998-09-23,1,6,California,06264707,2647,1.0839999914169312
1992-03-16,1,6,California,06264703,2647,0.9290000200271606
1998-09-23,1,6,California,06264707,2647,1.0740000009536743
1998-05-05,1,6,California,06125311,1253,2.1429998874664307
1994-06-10,1,6,California,06125310,1253,1.7940000295639038
1993-03-15,1,6,California,06200404,2004,2.0999999046325684
1989-12-16,1,6,California,06264701,2647,0.8799999952316284
1992-04-10,1,6,California,06125305,1253,1.7829999923706055
1997-04-08,1,6,California,06820106,8201,1.5470000505447388
1997-04-14,1,6,California,06264706,2647,0.9760000109672546
1990-08-07,1,6,California,06125302,1253,1.7949999570846558
1991-02-20,1,6,California,06200402,2004,1.6749999523162842
1991-05-09,1,6,California,06125304,1253,1.694000005722046
1991-02-20,1,6,California,06200402,2004,1.6820000410079956
1992-04-10,1,6,California,06125305,1253,1.6649999618530273
1991-02-15,1,6,California,06820102,8201,1.2710000276565552
1991-05-09,1,6,California,06125303,1253,1.746000051498413
1992-02-15,1,6,California,06815102,8151,2.489000082015991
1992-02-15,1,6,California,06815102,8151,2.5510001182556152
1991-05-02,1,6,California,06264702,2647,0.949999988079071
1993-03-22,1,6,California,06264704,2647,0.949999988079071
1993-03-15,1,6,California,06200404,2004,2.0999999046325684
1994-06-13,1,6,California,06264705,2647,0.8859999775886536
1989-12-16,1,6,California,06264701,2647,0.9129999876022339
1992-03-08,1,6,California,06200403,2004,1.871000051498413
1997-04-14,1,6,California,06264706,2647,0.906000018119812
1994-06-10,1,6,California,06125309,1253,1.8359999656677246
1993-03-15,1,6,California,06200404,2004,2.1459999084472656
1993-04-06,1,6,California,06125307,1253,1.7719999551773071
1992-03-08,1,6,California,06200403,2004,1.746999979019165
1993-03-22,1,6,California,06264704,2647,0.9459999799728394
1994-06-13,1,6,California,06264705,2647,0.8709999918937683
1992-03-08,1,6,California,06200403,2004,1.9210000038146973
1992-04-13,1,6,California,06125306,1253,1.7669999599456787
1989-12-06,1,6,California,06125301,1253,1.7359999418258667
1992-03-16,1,6,California,06264703,2647,0.9229999780654907
1995-03-29,1,6,California,06820105,8201,1.3769999742507935
1998-09-23,1,6,California,06264707,2647,1.1410000324249268
1992-03-16,1,6,California,06264703,2647,0.9229999780654907
1998-09-23,1,6,California,06264707,2647,1.128999948501587
1998-02-25,1,6,California,06820107,8201,1.5520000457763672
1998-05-05,1,6,California,06125311,1253,2.052999973297119
1992-03-16,1,6,California,06264703,2647,0.906000018119812
1990-01-25,1,6,California,06815101,8151,0.8090000152587891
1998-02-25,1,6,California,06820107,8201,1.5410000085830688
1998-05-05,1,6,California,06125311,1253,2.0369999408721924
1990-01-25,1,6,California,06815101,8151,0.7509999871253967
1995-03-29,1,6,California,06820105,8201,1.3609999418258667
1990-01-25,1,6,California,06815101,8151,0.6629999876022339
1998-02-25,1,6,California,06820107,8201,1.5540000200271606
1998-09-23,1,6,California,06264707,2647,1.1100000143051147
1990-01-22,1,6,California,06820101,8201,1.3250000476837158
1998-02-25,1,6,California,06820107,8201,1.5449999570846558
1990-01-25,1,6,California,06815101,8151,0.6420000195503235
1998-02-25,1,6,California,06820107,8201,1.527999997138977
1998-05-05,1,6,California,06125311,1253,2.0920000076293945
1998-05-05,1,6,California,06125311,1253,2.187000036239624
1995-03-29,1,6,California,06820105,8201,1.3619999885559082
1990-01-25,1,6,California,06815101,8151,0.6769999861717224
2003-04-04,1,6,California,06125314,1253,2.0510001182556152
2002-11-15,1,6,California,06820110,8201,1.6200000047683716
2003-04-04,1,6,California,06125314,1253,2.0139999389648438
2003-04-04,1,6,California,06125314,1253,2.0250000953674316
2002-11-15,1,6,California,06820110,8201,1.6349999904632568
2002-11-15,1,6,California,06820110,8201,1.600000023841858
2003-04-04,1,6,California,06125314,1253,2.062000036239624
2001-10-04,1,6,California,06125313,1253,2.25
2001-10-04,1,6,California,06125313,1253,2.2090001106262207
2002-11-21,1,6,California,06264710,2647,1.628000020980835
2001-12-06,1,6,California,06820109,8201,1.6269999742507935
1999-11-02,1,6,California,06264708,2647,1.2309999465942383
2001-12-06,1,6,California,06820109,8201,1.6399999856948853
2002-11-21,1,6,California,06264710,2647,1.6369999647140503
2002-11-15,1,6,California,06820110,8201,1.6069999933242798
2002-11-21,1,6,California,06264710,2647,1.652999997138977
2003-04-04,1,6,California,06125314,1253,2.0179998874664307
2005-02-25,1,6,California,06125315,1253,2.1070001125335693
2001-12-04,1,6,California,06264709,2647,1.465999960899353
1997-04-14,1,6,California,06264706,2647,0.953000009059906
1997-04-08,1,6,California,06820106,8201,1.5499999523162842
1997-04-14,1,6,California,06264706,2647,1.0199999809265137
1992-03-08,1,6,California,06200403,2004,1.7979999780654907
1994-06-10,1,6,California,06125310,1253,1.8350000381469727
1991-02-20,1,6,California,06200402,2004,1.6239999532699585
1989-12-06,1,6,California,06125301,1253,1.7309999465942383
1991-05-02,1,6,California,06264702,2647,0.9620000123977661
1994-06-10,1,6,California,06125309,1253,1.8240000009536743
1989-12-06,1,6,California,06125301,1253,1.7230000495910645
1993-03-22,1,6,California,06264704,2647,0.9229999780654907
1990-01-29,1,6,California,06200401,2004,1.4889999628067017
1993-03-22,1,6,California,06264704,2647,0.9409999847412109
1992-03-11,1,6,California,06820103,8201,1.3969999551773071
1992-02-15,1,6,California,06815102,8151,2.572000026702881
1990-08-07,1,6,California,06125302,1253,1.75
1993-03-15,1,6,California,06200404,2004,2.11299991607666
1997-04-14,1,6,California,06264706,2647,0.906000018119812
1992-04-10,1,6,California,06125305,1253,1.7799999713897705
1990-01-29,1,6,California,06200401,2004,1.4759999513626099
1989-12-16,1,6,California,06264701,2647,0.8980000019073486
1993-04-06,1,6,California,06125307,1253,1.7999999523162842
1992-03-11,1,6,California,06820103,8201,1.406999945640564
1993-03-18,1,6,California,06820104,8201,1.4019999504089355
1994-06-13,1,6,California,06264705,2647,0.890999972820282
1991-05-09,1,6,California,06125303,1253,1.7589999437332153
1991-05-09,1,6,California,06125304,1253,1.7109999656677246
1990-01-29,1,6,California,06200401,2004,1.4839999675750732
1991-05-02,1,6,California,06264702,2647,0.9660000205039978
1994-06-10,1,6,California,06125309,1253,1.8890000581741333
2002-11-15,1,6,California,06820110,8201,1.6019999980926514
1993-03-18,1,6,California,06820104,8201,1.4170000553131104
1993-03-18,1,6,California,06820104,8201,1.4290000200271606
1993-03-18,1,6,California,06820104,8201,1.4420000314712524
1992-02-15,1,6,California,06815102,8151,2.7330000400543213
1997-04-08,1,6,California,06820106,8201,1.534999966621399
2001-12-04,1,6,California,06264709,2647,1.468999981880188
2001-12-06,1,6,California,06820109,8201,1.6430000066757202
2001-12-04,1,6,California,06264709,2647,1.4789999723434448
1991-05-09,1,6,California,06125303,1253,1.7230000495910645
1992-03-08,1,6,California,06200403,2004,1.8550000190734863
1991-02-20,1,6,California,06200402,2004,1.659000039100647
1992-03-11,1,6,California,06820103,8201,1.4149999618530273
1997-04-08,1,6,California,06820106,8201,1.4919999837875366
2002-11-21,1,6,California,06264710,2647,1.5889999866485596
1994-06-10,1,6,California,06125309,1253,1.8609999418258667
1994-06-10,1,6,California,06125310,1253,1.8459999561309814
1991-05-09,1,6,California,06125303,1253,1.6820000410079956
1992-04-13,1,6,California,06125306,1253,1.7649999856948853
1992-04-10,1,6,California,06125305,1253,1.7489999532699585
1992-04-13,1,6,California,06125306,1253,1.7669999599456787
1992-03-16,1,6,California,06264703,2647,0.9079999923706055
2002-11-21,1,6,California,06264710,2647,1.6419999599456787
1997-04-08,1,6,California,06820106,8201,1.5169999599456787
1991-05-09,1,6,California,06125304,1253,1.7380000352859497
1989-12-06,1,6,California,06125301,1253,1.7400000095367432
2001-10-04,1,6,California,06125313,1253,2.2200000286102295
1991-05-09,1,6,California,06125304,1253,1.7339999675750732
1990-01-29,1,6,California,06200401,2004,1.4529999494552612
1990-08-07,1,6,California,06125302,1253,1.725000023841858
1994-06-13,1,6,California,06264705,2647,0.8980000019073486
1990-08-07,1,6,California,06125302,1253,1.7089999914169312
1992-04-13,1,6,California,06125306,1253,1.7619999647140503
1993-03-22,1,6,California,06264704,2647,0.9580000042915344
1993-04-06,1,6,California,06125307,1253,1.7699999809265137
1993-04-06,1,6,California,06125308,1253,1.7869999408721924
1993-04-06,1,6,California,06125307,1253,1.7970000505447388
1990-08-07,1,6,California,06125302,1253,1.7389999628067017
1993-04-06,1,6,California,06125307,1253,1.7899999618530273
1994-06-13,1,6,California,06264705,2647,0.8759999871253967
1991-05-02,1,6,California,06264702,2647,0.9760000109672546
1994-06-10,1,6,California,06125309,1253,1.843000054359436
1991-05-02,1,6,California,06264702,2647,0.9440000057220459
1991-05-09,1,6,California,06125303,1253,1.7389999628067017
1991-05-09,1,6,California,06125304,1253,1.7020000219345093
1992-04-10,1,6,California,06125305,1253,1.7569999694824219
1992-04-13,1,6,California,06125306,1253,1.75600004196167
1990-01-29,1,6,California,06200401,2004,1.4630000591278076
1991-02-15,1,6,California,06820102,8201,1.3229999542236328
1993-03-15,1,6,California,06200404,2004,2.1080000400543213
1991-02-20,1,6,California,06200402,2004,1.6690000295639038
1993-04-06,1,6,California,06125308,1253,1.75
1989-12-16,1,6,California,06264701,2647,0.8960000276565552
1993-04-06,1,6,California,06125308,1253,1.7510000467300415
1992-03-11,1,6,California,06820103,8201,1.3860000371932983
1991-02-15,1,6,California,06820102,8201,1.2990000247955322
1992-03-11,1,6,California,06820103,8201,1.3760000467300415
1989-12-16,1,6,California,06264701,2647,0.8830000162124634
1991-02-15,1,6,California,06820102,8201,1.3509999513626099
1993-04-06,1,6,California,06125308,1253,1.753000020980835
1994-06-10,1,6,California,06125310,1253,1.8459999561309814
1992-02-15,1,6,California,06815102,8151,2.503000020980835
1991-02-15,1,6,California,06820102,8201,1.3070000410079956
1993-03-18,1,6,California,06820104,8201,1.4019999504089355
1993-04-06,1,6,California,06125308,1253,1.7790000438690186
1989-12-06,1,6,California,06125301,1253,1.7359999418258667
1999-11-05,1,6,California,06820108,8201,1.6069999933242798
2001-12-04,1,6,California,06264709,2647,1.4700000286102295
1999-11-05,1,6,California,06820108,8201,1.6039999723434448
2001-10-04,1,6,California,06125313,1253,2.186000108718872
2001-12-04,1,6,California,06264709,2647,1.4859999418258667
2001-12-06,1,6,California,06820109,8201,1.6319999694824219
1999-11-02,1,6,California,06264708,2647,1.253000020980835
1999-10-30,1,6,California,06125312,1253,2.1429998874664307
1999-10-30,1,6,California,06125312,1253,2.299999952316284
2001-12-06,1,6,California,06820109,8201,1.6399999856948853
1999-11-05,1,6,California,06820108,8201,1.5829999446868896
1999-11-05,1,6,California,06820108,8201,1.625
1999-10-30,1,6,California,06125312,1253,2.2160000801086426
2001-10-04,1,6,California,06125313,1253,2.2160000801086426
1999-11-02,1,6,California,06264708,2647,1.2580000162124634
1999-10-30,1,6,California,06125312,1253,2.1570000648498535
1999-11-02,1,6,California,06264708,2647,1.2589999437332153
1999-11-02,1,6,California,06264708,2647,1.24399995803833
1999-11-05,1,6,California,06820108,8201,1.6109999418258667
1999-10-30,1,6,California,06125312,1253,2.1459999084472656
2007-11-06,1,6,California,06125316,1253,2.367000102996826
2005-03-11,1,6,California,06820112,8201,1.6679999828338623
2007-03-09,1,6,California,06264712,2647,2.191999912261963
2005-02-25,1,6,California,06125315,1253,2.2019999027252197
2005-03-11,1,6,California,06820112,8201,1.6729999780654907
2007-11-06,1,6,California,06125316,1253,2.3480000495910645
2007-11-06,1,6,California,06125316,1253,2.305999994277954
2007-03-09,1,6,California,06264712,2647,2.2249999046325684
2007-11-06,1,6,California,06125316,1253,2.3889999389648438
2005-03-11,1,6,California,06820112,8201,1.6710000038146973
2007-03-09,1,6,California,06264712,2647,2.194999933242798
2005-02-25,1,6,California,06125315,1253,2.1630001068115234
2005-03-11,1,6,California,06820112,8201,1.6649999618530273
2005-02-25,1,6,California,06125315,1253,2.1440000534057617
2007-03-09,1,6,California,06264712,2647,2.2780001163482666
2007-11-06,1,6,California,06125316,1253,2.3970000743865967
2007-03-09,1,6,California,06264712,2647,2.3420000076293945
2005-02-25,1,6,California,06125315,1253,2.072999954223633
2005-03-11,1,6,California,06820112,8201,1.6740000247955322
1992-06-23,1,12,Florida,12410702,4107,1.1970000267028809
1992-06-01,1,12,Florida,12410502,4105,0.843999981880188
1992-07-17,1,12,Florida,12905403,9054,0.9800000190734863
1994-09-06,1,12,Florida,12410703,4107,1.1449999809265137
1990-06-11,1,12,Florida,12410801,4108,0.7059999704360962
1990-06-20,1,12,Florida,12410501,4105,0.8149999976158142
1992-06-18,1,12,Florida,12410302,4103,0.6380000114440918
1992-06-12,1,12,Florida,12409702,4097,0.7179999947547913
1990-06-12,1,12,Florida,12409701,4097,0.7020000219345093
1990-06-12,1,12,Florida,12409701,4097,0.7009999752044678
1990-07-06,1,12,Florida,12106001,1060,0.6370000243186951
1992-06-19,1,12,Florida,12106002,1060,0.6779999732971191
1992-06-12,1,12,Florida,12409702,4097,0.7179999947547913
1998-02-09,1,12,Florida,12106004,1060,0.7120000123977661
1998-02-09,1,12,Florida,12106004,1060,0.703000009059906
1996-05-20,1,12,Florida,12905405,9054,1.1670000553131104
1992-06-01,1,12,Florida,12410502,4105,0.8320000171661377
1992-06-12,1,12,Florida,12409702,4097,0.718999981880188
1990-07-09,1,12,Florida,12399501,3995,1.0019999742507935
1990-07-06,1,12,Florida,12409901,4099,0.8830000162124634
1994-09-07,1,12,Florida,12905404,9054,1.0449999570846558
1994-05-23,1,12,Florida,12410303,4103,0.628000020980835
1992-07-17,1,12,Florida,12905403,9054,0.9750000238418579
1990-06-19,1,12,Florida,12905401,9054,0.9559999704360962
1990-07-06,1,12,Florida,12410301,4103,0.6439999938011169
1994-09-07,1,12,Florida,12905404,9054,1.0199999809265137
1998-02-09,1,12,Florida,12106004,1060,0.734000027179718
1994-09-06,1,12,Florida,12410703,4107,1.1480000019073486
1992-06-18,1,12,Florida,12410302,4103,0.6320000290870667
1990-07-06,1,12,Florida,12409901,4099,0.8679999709129333
1992-06-23,1,12,Florida,12410702,4107,1.1959999799728394
1991-07-02,1,12,Florida,12905402,9054,0.9929999709129333
1998-02-09,1,12,Florida,12106004,1060,0.699999988079071
1992-06-18,1,12,Florida,12410302,4103,0.6610000133514404
1996-05-20,1,12,Florida,12905405,9054,1.1699999570846558
1990-06-19,1,12,Florida,12905401,9054,0.9580000042915344
1990-07-06,1,12,Florida,12106001,1060,0.6309999823570251
1990-07-06,1,12,Florida,12106001,1060,0.640999972820282
1990-07-02,1,12,Florida,12399601,3996,1.0479999780654907
1994-09-06,1,12,Florida,12410703,4107,1.1430000066757202
1990-07-02,1,12,Florida,12399601,3996,1.0980000495910645
1992-06-16,1,12,Florida,12399602,3996,1.1339999437332153
1994-05-24,1,12,Florida,12106003,1060,0.6299999952316284
1994-08-31,1,12,Florida,12399603,3996,1.0779999494552612
1990-06-19,1,12,Florida,12905401,9054,0.9290000200271606
1990-06-20,1,12,Florida,12410501,4105,0.8169999718666077
1990-06-11,1,12,Florida,12410801,4108,0.7020000219345093
1992-06-15,1,12,Florida,12410802,4108,0.7360000014305115
1990-07-06,1,12,Florida,12410301,4103,0.6589999794960022
1990-06-20,1,12,Florida,12410501,4105,0.8069999814033508
1994-05-24,1,12,Florida,12399504,3995,0.9459999799728394
1992-06-23,1,12,Florida,12410702,4107,1.1979999542236328
1990-07-02,1,12,Florida,12399601,3996,1.0670000314712524
1992-06-16,1,12,Florida,12399602,3996,1.093000054359436
1990-07-09,1,12,Florida,12399501,3995,1.0019999742507935
1990-06-19,1,12,Florida,12905401,9054,0.9509999752044678
1990-06-11,1,12,Florida,12410801,4108,0.722000002861023
1994-05-23,1,12,Florida,12410303,4103,0.6100000143051147
1991-07-02,1,12,Florida,12905402,9054,0.9929999709129333
1992-06-01,1,12,Florida,12410502,4105,0.847000002861023
1994-05-24,1,12,Florida,12106003,1060,0.6299999952316284
1990-07-12,1,12,Florida,12410701,4107,1.1430000066757202
1990-07-09,1,12,Florida,12399501,3995,1.0119999647140503
1994-09-06,1,12,Florida,12410703,4107,1.1510000228881836
1992-06-19,1,12,Florida,12399502,3995,0.9929999709129333
1994-09-06,1,12,Florida,12410703,4107,1.180999994277954
1994-05-24,1,12,Florida,12399504,3995,0.9610000252723694
1992-07-17,1,12,Florida,12905403,9054,0.9879999756813049
1994-09-07,1,12,Florida,12905404,9054,1.0369999408721924
1992-06-15,1,12,Florida,12410802,4108,0.7310000061988831
1996-05-20,1,12,Florida,12905405,9054,1.1950000524520874
1994-05-24,1,12,Florida,12106003,1060,0.6190000176429749
1994-08-31,1,12,Florida,12399603,3996,1.0839999914169312
1990-06-12,1,12,Florida,12409701,4097,0.699999988079071
1990-07-06,1,12,Florida,12410301,4103,0.6549999713897705
1992-06-01,1,12,Florida,12410502,4105,0.859000027179718
1990-07-02,1,12,Florida,12399601,3996,1.0750000476837158
1994-08-31,1,12,Florida,12399603,3996,1.0759999752044678
1990-07-12,1,12,Florida,12410701,4107,1.1449999809265137
1990-07-12,1,12,Florida,12410701,4107,1.1519999504089355
1992-06-19,1,12,Florida,12106002,1060,0.6700000166893005
1994-09-07,1,12,Florida,12905404,9054,1.031000018119812
1994-05-23,1,12,Florida,12410303,4103,0.6060000061988831
1990-07-12,1,12,Florida,12410701,4107,1.1619999408721924
1990-07-09,1,12,Florida,12399501,3995,1.0049999952316284
1990-07-06,1,12,Florida,12409901,4099,0.8709999918937683
1990-06-12,1,12,Florida,12409701,4097,0.6990000009536743
1992-06-19,1,12,Florida,12399503,3995,1.0149999856948853
1994-05-24,1,12,Florida,12106003,1060,0.6290000081062317
1992-06-12,1,12,Florida,12409702,4097,0.7129999995231628
1994-05-24,1,12,Florida,12399504,3995,0.9660000205039978
1992-06-16,1,12,Florida,12399602,3996,1.1390000581741333
1994-08-31,1,12,Florida,12399603,3996,1.0820000171661377
1992-06-15,1,12,Florida,12410802,4108,0.734000027179718
1992-06-18,1,12,Florida,12410302,4103,0.6430000066757202
1992-07-17,1,12,Florida,12905403,9054,0.996999979019165
1994-05-23,1,12,Florida,12410303,4103,0.6259999871253967
1990-07-06,1,12,Florida,12409901,4099,0.8629999756813049
1992-06-23,1,12,Florida,12410702,4107,1.2050000429153442
1990-06-20,1,12,Florida,12410501,4105,0.8220000267028809
1991-07-02,1,12,Florida,12905402,9054,1.003000020980835
1992-06-19,1,12,Florida,12399502,3995,1.0080000162124634
1990-07-02,1,12,Florida,12399601,3996,1.0829999446868896
1990-06-19,1,12,Florida,12905401,9054,0.9390000104904175
1994-09-07,1,12,Florida,12905404,9054,1.0720000267028809
1990-06-20,1,12,Florida,12410501,4105,0.7940000295639038
1990-07-06,1,12,Florida,12410301,4103,0.656000018119812
1994-05-24,1,12,Florida,12399504,3995,0.9610000252723694
1990-07-06,1,12,Florida,12106001,1060,0.6570000052452087
1994-05-24,1,12,Florida,12106003,1060,0.625
1990-06-11,1,12,Florida,12410801,4108,0.6990000009536743
1996-05-20,1,12,Florida,12905405,9054,1.1829999685287476
1991-07-02,1,12,Florida,12905402,9054,0.9980000257492065
1990-07-06,1,12,Florida,12410301,4103,0.6489999890327454
1992-06-16,1,12,Florida,12399602,3996,1.1349999904632568
1994-08-31,1,12,Florida,12399603,3996,1.0839999914169312
1992-06-19,1,12,Florida,12399502,3995,0.9919999837875366
1990-07-06,1,12,Florida,12409901,4099,0.8700000047683716
1992-06-01,1,12,Florida,12410502,4105,0.8510000109672546
1992-06-18,1,12,Florida,12410302,4103,0.656000018119812
1996-05-20,1,12,Florida,12905405,9054,1.1649999618530273
1990-07-06,1,12,Florida,12106001,1060,0.6370000243186951
1992-06-19,1,12,Florida,12106002,1060,0.6639999747276306
1994-05-24,1,12,Florida,12399504,3995,0.9599999785423279
1992-06-19,1,12,Florida,12399502,3995,1.003000020980835
1990-07-12,1,12,Florida,12410701,4107,1.1460000276565552
1992-06-16,1,12,Florida,12399602,3996,1.100000023841858
1998-02-09,1,12,Florida,12106004,1060,0.7160000205039978
1992-06-19,1,12,Florida,12106002,1060,0.6700000166893005
1990-07-09,1,12,Florida,12399501,3995,1.0190000534057617
1992-06-19,1,12,Florida,12106002,1060,0.6690000295639038
1990-06-11,1,12,Florida,12410801,4108,0.6819999814033508
1992-06-15,1,12,Florida,12410802,4108,0.7329999804496765
1994-05-23,1,12,Florida,12410303,4103,0.6340000033378601
1992-07-17,1,12,Florida,12905403,9054,0.9850000143051147
1992-06-12,1,12,Florida,12409702,4097,0.7129999995231628
1990-06-12,1,12,Florida,12409701,4097,0.699999988079071
1992-06-15,1,12,Florida,12410802,4108,0.7419999837875366
1991-07-02,1,12,Florida,12905402,9054,0.9819999933242798
2002-10-22,1,12,Florida,12409705,4097,0.7910000085830688
2002-10-28,1,12,Florida,12106006,1060,0.7310000061988831
2002-10-28,1,12,Florida,12106006,1060,0.734000027179718
2002-10-22,1,12,Florida,12409705,4097,0.7879999876022339
2004-04-21,1,12,Florida,12409707,4097,0.8080000281333923
2004-04-21,1,12,Florida,12409707,4097,0.7979999780654907
2002-10-22,1,12,Florida,12409705,4097,0.7760000228881836
2004-01-28,1,12,Florida,12409706,4097,0.7990000247955322
2004-01-28,1,12,Florida,12409706,4097,0.7950000166893005
2004-04-21,1,12,Florida,12409707,4097,0.8009999990463257
2002-10-28,1,12,Florida,12106006,1060,0.7369999885559082
2002-10-28,1,12,Florida,12106006,1060,0.7390000224113464
2002-10-22,1,12,Florida,12409705,4097,0.7979999780654907
2002-10-28,1,12,Florida,12106006,1060,0.7360000014305115
2004-04-21,1,12,Florida,12409707,4097,0.7870000004768372
1992-06-23,1,12,Florida,12410702,4107,1.1859999895095825
1997-03-27,1,12,Florida,12399505,3995,1.1510000228881836
1998-02-06,1,12,Florida,12410704,4107,1.503999948501587
1998-02-06,1,12,Florida,12410704,4107,1.5080000162124634
1998-02-10,1,12,Florida,12399604,3996,0.9610000252723694
1998-02-06,1,12,Florida,12410704,4107,1.4620000123977661
1997-03-27,1,12,Florida,12399505,3995,1.1460000276565552
1998-02-11,1,12,Florida,12409703,4097,0.796999990940094
1998-02-10,1,12,Florida,12399604,3996,0.9319999814033508
1998-02-11,1,12,Florida,12409703,4097,0.8140000104904175
1998-02-09,1,12,Florida,12410304,4103,0.8240000009536743
2000-09-11,1,12,Florida,12106005,1060,0.7639999985694885
1998-02-10,1,12,Florida,12399604,3996,0.9660000205039978
1998-02-11,1,12,Florida,12409703,4097,0.8119999766349792
1997-03-27,1,12,Florida,12399505,3995,1.1449999809265137
1998-02-09,1,12,Florida,12410304,4103,0.824999988079071
1997-03-27,1,12,Florida,12399505,3995,1.1319999694824219
1998-02-09,1,12,Florida,12410304,4103,0.8209999799728394
2002-10-22,1,12,Florida,12409705,4097,0.7720000147819519
2004-01-28,1,12,Florida,12409706,4097,0.8050000071525574
2000-08-18,1,12,Florida,12409704,4097,0.7730000019073486
1998-02-09,1,12,Florida,12410304,4103,0.8330000042915344
1998-02-06,1,12,Florida,12410704,4107,1.5099999904632568
1998-02-11,1,12,Florida,12409703,4097,0.7990000247955322
1998-02-10,1,12,Florida,12399604,3996,0.9520000219345093
2000-08-18,1,12,Florida,12409704,4097,0.7940000295639038
2000-09-11,1,12,Florida,12106005,1060,0.7680000066757202
1998-02-11,1,12,Florida,12409703,4097,0.8410000205039978
1998-02-06,1,12,Florida,12410704,4107,1.472000002861023
1998-02-10,1,12,Florida,12399604,3996,0.9419999718666077
1997-03-27,1,12,Florida,12399505,3995,1.1080000400543213
1998-02-09,1,12,Florida,12410304,4103,0.8209999799728394
2000-08-18,1,12,Florida,12409704,4097,0.7860000133514404
2000-09-11,1,12,Florida,12106005,1060,0.7279999852180481
2000-09-11,1,12,Florida,12106005,1060,0.7580000162124634
2000-09-11,1,12,Florida,12106005,1060,0.7289999723434448
2000-08-18,1,12,Florida,12409704,4097,0.7599999904632568
2000-08-18,1,12,Florida,12409704,4097,0.7760000228881836
2004-01-28,1,12,Florida,12409706,4097,0.8040000200271606
2004-01-28,1,12,Florida,12409706,4097,0.796999990940094
2004-04-21,1,12,Florida,12409707,4097,0.7839999794960022
1992-05-22,1,13,Georgia,13411102,4111,0.7039999961853027
1990-08-07,1,13,Georgia,13411101,4111,0.734000027179718
1992-05-22,1,13,Georgia,13411102,4111,0.7260000109672546
1990-08-07,1,13,Georgia,13411101,4111,0.7170000076293945
1992-05-22,1,13,Georgia,13411102,4111,0.7210000157356262
1990-08-07,1,13,Georgia,13411101,4111,0.7120000123977661
1990-08-07,1,13,Georgia,13411101,4111,0.7110000252723694
1992-05-22,1,13,Georgia,13411102,4111,0.718999981880188
1992-05-22,1,13,Georgia,13411102,4111,0.7289999723434448
1990-08-07,1,13,Georgia,13411101,4111,0.7099999785423279
2005-08-03,1,15,Hawaii,15100608,1006,2.424999952316284
2005-08-08,1,15,Hawaii,15100808,1008,2.614000082015991
2005-08-04,1,15,Hawaii,15100308,1003,2.509999990463257
1997-02-20,1,15,Hawaii,15100304,1003,2.5250000953674316
1995-03-23,1,15,Hawaii,15100303,1003,2.4040000438690186
1991-02-21,1,15,Hawaii,15100301,1003,2.515000104904175
2003-03-13,1,15,Hawaii,15100607,1006,2.318000078201294
1993-02-03,1,15,Hawaii,15100302,1003,2.440999984741211
1991-02-22,1,15,Hawaii,15100601,1006,2.4200000762939453
1995-03-21,1,15,Hawaii,15100603,1006,2.6619999408721924
1999-04-06,1,15,Hawaii,15100605,1006,2.4119999408721924
2001-09-05,1,15,Hawaii,15100606,1006,2.361999988555908
2001-09-10,1,15,Hawaii,15708006,7080,1.4220000505447388
1999-03-30,1,15,Hawaii,15100805,1008,1.99399995803833
1993-02-02,1,15,Hawaii,15100602,1006,2.3320000171661377
1999-03-31,1,15,Hawaii,15708005,7080,1.4839999675750732
2003-03-14,1,15,Hawaii,15100307,1003,2.4639999866485596
1993-02-17,1,15,Hawaii,15708002,7080,1.50600004196167
1995-03-29,1,15,Hawaii,15100803,1008,1.8049999475479126
1995-03-28,1,15,Hawaii,15708003,7080,1.4559999704360962
1997-02-11,1,15,Hawaii,15708004,7080,1.5169999599456787
1993-02-18,1,15,Hawaii,15100802,1008,1.875
1999-04-07,1,15,Hawaii,15100305,1003,2.496999979019165
2003-03-06,1,15,Hawaii,15100807,1008,2.1689999103546143
2001-09-11,1,15,Hawaii,15100806,1008,2.1029999256134033
2003-03-05,1,15,Hawaii,15708007,7080,1.4550000429153442
1991-02-27,1,15,Hawaii,15100801,1008,1.8070000410079956
2001-09-06,1,15,Hawaii,15100306,1003,2.5
1997-02-10,1,15,Hawaii,15100804,1008,1.875
1997-02-20,1,15,Hawaii,15100604,1006,2.378999948501587
1991-02-25,1,15,Hawaii,15708001,7080,1.5290000438690186
1993-12-04,1,16,Idaho,16102106,1021,1.2430000305175781
1989-09-08,1,16,Idaho,16102101,1021,1.2710000276565552
1999-06-20,1,16,Idaho,16102111,1021,1.2339999675750732
1991-09-20,1,16,Idaho,16102104,1021,1.25
1989-09-08,1,16,Idaho,16102101,1021,1.2879999876022339
1999-06-20,1,16,Idaho,16102111,1021,1.2319999933242798
1990-07-20,1,16,Idaho,16102102,1021,1.2380000352859497
1990-10-05,1,16,Idaho,16102103,1021,1.2450000047683716
1994-09-14,1,16,Idaho,16102107,1021,1.187000036239624
1989-09-08,1,16,Idaho,16102101,1021,1.2699999809265137
1990-07-20,1,16,Idaho,16102102,1021,1.2569999694824219
1990-07-20,1,16,Idaho,16102102,1021,1.2430000305175781
1993-12-04,1,16,Idaho,16102106,1021,1.2580000162124634
1995-07-18,1,16,Idaho,16102108,1021,1.190999984741211
1989-09-08,1,16,Idaho,16102101,1021,1.2640000581741333
1989-09-08,1,16,Idaho,16102101,1021,1.2760000228881836
1991-09-20,1,16,Idaho,16102104,1021,1.2369999885559082
1990-07-20,1,16,Idaho,16102102,1021,1.2510000467300415
1990-07-20,1,16,Idaho,16102102,1021,1.246999979019165
1991-09-20,1,16,Idaho,16102104,1021,1.2730000019073486
1995-07-18,1,16,Idaho,16102108,1021,1.2039999961853027
1995-07-18,1,16,Idaho,16102108,1021,1.2009999752044678
1993-12-04,1,16,Idaho,16102106,1021,1.2289999723434448
1994-09-14,1,16,Idaho,16102107,1021,1.1929999589920044
1994-09-14,1,16,Idaho,16102107,1021,1.1720000505447388
1997-07-23,1,16,Idaho,16102109,1021,1.2339999675750732
1997-07-23,1,16,Idaho,16102109,1021,1.2259999513626099
1997-07-23,1,16,Idaho,16102109,1021,1.2450000047683716
1995-07-18,1,16,Idaho,16102108,1021,1.190000057220459
1992-10-26,1,16,Idaho,16102105,1021,1.284999966621399
1992-10-26,1,16,Idaho,16102105,1021,1.3020000457763672
1992-10-26,1,16,Idaho,16102105,1021,1.2710000276565552
1995-07-18,1,16,Idaho,16102108,1021,1.2000000476837158
1992-10-26,1,16,Idaho,16102105,1021,1.2680000066757202
1991-09-20,1,16,Idaho,16102104,1021,1.253999948501587
1994-09-14,1,16,Idaho,16102107,1021,1.2029999494552612
2003-10-15,1,16,Idaho,16102113,1021,1.1779999732971191
2003-10-15,1,16,Idaho,16102113,1021,1.1790000200271606
2003-10-15,1,16,Idaho,16102113,1021,1.1770000457763672
1992-10-26,1,16,Idaho,16102105,1021,1.2649999856948853
1993-12-04,1,16,Idaho,16102106,1021,1.2350000143051147
1993-12-04,1,16,Idaho,16102106,1021,1.2430000305175781
2001-08-05,1,16,Idaho,16102112,1021,1.2120000123977661
2001-08-05,1,16,Idaho,16102112,1021,1.1929999589920044
2003-10-15,1,16,Idaho,16102113,1021,1.1670000553131104
2003-10-15,1,16,Idaho,16102113,1021,1.1699999570846558
1994-09-14,1,16,Idaho,16102107,1021,1.194000005722046
1999-06-20,1,16,Idaho,16102111,1021,1.253000020980835
1990-10-05,1,16,Idaho,16102103,1021,1.218000054359436
1998-06-14,1,16,Idaho,16102110,1021,1.225000023841858
1990-10-05,1,16,Idaho,16102103,1021,1.2400000095367432
1991-09-20,1,16,Idaho,16102104,1021,1.2289999723434448
2001-08-05,1,16,Idaho,16102112,1021,1.2109999656677246
1999-06-20,1,16,Idaho,16102111,1021,1.2419999837875366
1990-10-05,1,16,Idaho,16102103,1021,1.2419999837875366
2001-08-05,1,16,Idaho,16102112,1021,1.1920000314712524
1990-10-05,1,16,Idaho,16102103,1021,1.2280000448226929
1998-06-14,1,16,Idaho,16102110,1021,1.2339999675750732
1999-06-20,1,16,Idaho,16102111,1021,1.246999979019165
2001-08-05,1,16,Idaho,16102112,1021,1.2000000476837158
1998-06-14,1,16,Idaho,16102110,1021,1.2280000448226929
1998-06-14,1,16,Idaho,16102110,1021,1.2330000400543213
1998-06-14,1,16,Idaho,16102110,1021,1.2259999513626099
2005-08-04,1,16,Idaho,16102114,1021,1.1759999990463257
2005-08-04,1,16,Idaho,16102114,1021,1.1549999713897705
2005-08-04,1,16,Idaho,16102114,1021,1.1690000295639038
2005-08-04,1,16,Idaho,16102114,1021,1.1649999618530273
2005-08-04,1,16,Idaho,16102114,1021,1.1679999828338623
1992-10-07,1,17,Illinois,17100305,1003,0.9760000109672546
1990-03-21,1,17,Illinois,17100301,1003,0.9369999766349792
1990-12-11,1,17,Illinois,17100303,1003,0.9210000038146973
1990-07-26,1,17,Illinois,17100302,1003,0.9629999995231628
1991-12-18,1,17,Illinois,17100304,1003,0.9380000233650208
1990-12-11,1,17,Illinois,17100303,1003,0.925000011920929
1990-07-26,1,17,Illinois,17100302,1003,0.9940000176429749
1992-10-07,1,17,Illinois,17100305,1003,0.9729999899864197
1994-01-13,1,17,Illinois,17100306,1003,0.9259999990463257
1991-12-18,1,17,Illinois,17100304,1003,0.9419999718666077
1994-01-13,1,17,Illinois,17100306,1003,0.9210000038146973
1990-03-21,1,17,Illinois,17100301,1003,0.9179999828338623
1990-07-26,1,17,Illinois,17100302,1003,1.0440000295639038
1990-03-21,1,17,Illinois,17100301,1003,0.9610000252723694
1990-12-11,1,17,Illinois,17100303,1003,0.9210000038146973
1992-10-07,1,17,Illinois,17100305,1003,0.9660000205039978
1990-12-11,1,17,Illinois,17100303,1003,0.9259999990463257
1992-10-07,1,17,Illinois,17100305,1003,0.9829999804496765
1991-12-18,1,17,Illinois,17100304,1003,0.9459999799728394
1994-01-13,1,17,Illinois,17100306,1003,0.9240000247955322
1990-03-21,1,17,Illinois,17100301,1003,0.9340000152587891
1992-10-07,1,17,Illinois,17100305,1003,0.9679999947547913
1994-01-13,1,17,Illinois,17100306,1003,0.9399999976158142
1990-03-21,1,17,Illinois,17100301,1003,0.9610000252723694
1997-05-17,1,17,Illinois,17100308,1003,0.9819999933242798
1997-05-17,1,17,Illinois,17100308,1003,1.0199999809265137
1997-05-17,1,17,Illinois,17100308,1003,0.996999979019165
1997-05-17,1,17,Illinois,17100308,1003,1.031000018119812
1999-01-12,1,17,Illinois,17100309,1003,1.0099999904632568
1999-01-12,1,17,Illinois,17100309,1003,1.0269999504089355
1999-08-17,1,17,Illinois,17100310,1003,1.0069999694824219
1999-08-17,1,17,Illinois,17100310,1003,1.031000018119812
1999-01-12,1,17,Illinois,17100309,1003,1.0240000486373901
1994-01-13,1,17,Illinois,17100306,1003,0.9259999990463257
1991-12-18,1,17,Illinois,17100304,1003,0.9409999847412109
1991-12-18,1,17,Illinois,17100304,1003,0.9440000057220459
1999-01-12,1,17,Illinois,17100309,1003,1.0190000534057617
1990-12-11,1,17,Illinois,17100303,1003,0.9259999990463257
1990-07-26,1,17,Illinois,17100302,1003,0.9879999756813049
1999-01-12,1,17,Illinois,17100309,1003,1.0210000276565552
1997-05-17,1,17,Illinois,17100308,1003,0.9890000224113464
1995-03-03,1,17,Illinois,17100307,1003,0.9929999709129333
1990-07-26,1,17,Illinois,17100302,1003,0.9919999837875366
1995-03-03,1,17,Illinois,17100307,1003,0.9710000157356262
1995-03-03,1,17,Illinois,17100307,1003,0.968999981880188
1995-03-03,1,17,Illinois,17100307,1003,0.949999988079071
1999-08-17,1,17,Illinois,17100310,1003,1.0470000505447388
1999-08-17,1,17,Illinois,17100310,1003,1.0460000038146973
2000-11-28,1,17,Illinois,17100311,1003,0.9800000190734863
2000-11-28,1,17,Illinois,17100311,1003,0.9819999933242798
2000-11-28,1,17,Illinois,17100311,1003,0.9739999771118164
2001-09-19,1,17,Illinois,17100312,1003,1.0219999551773071
2004-08-26,1,17,Illinois,17100313,1003,1.0820000171661377
1995-03-03,1,17,Illinois,17100307,1003,0.9419999718666077
2004-08-26,1,17,Illinois,17100313,1003,1.0839999914169312
2004-08-26,1,17,Illinois,17100313,1003,1.062999963760376
2007-07-12,1,17,Illinois,17100314,1003,1.1180000305175781
2007-07-12,1,17,Illinois,17100314,1003,1.125
2007-07-12,1,17,Illinois,17100314,1003,1.1119999885559082
2007-07-12,1,17,Illinois,17100314,1003,1.121000051498413
2004-08-26,1,17,Illinois,17100313,1003,1.0789999961853027
2007-07-12,1,17,Illinois,17100314,1003,1.1399999856948853
1999-08-17,1,17,Illinois,17100310,1003,1.0640000104904175
2004-08-26,1,17,Illinois,17100313,1003,1.0570000410079956
2000-11-28,1,17,Illinois,17100311,1003,0.972000002861023
2001-09-19,1,17,Illinois,17100312,1003,1.055999994277954
2001-09-19,1,17,Illinois,17100312,1003,1.0260000228881836
2001-09-19,1,17,Illinois,17100312,1003,1.0269999504089355
2001-09-19,1,17,Illinois,17100312,1003,1.0260000228881836
2000-11-28,1,17,Illinois,17100311,1003,0.9900000095367432
1991-05-31,1,18,Indiana,18200902,2009,1.7330000400543213
1992-10-03,1,18,Indiana,18200903,2009,1.7350000143051147
1991-05-31,1,18,Indiana,18200902,2009,1.7000000476837158
1989-10-03,1,18,Indiana,18200901,2009,1.5049999952316284
1989-10-03,1,18,Indiana,18200901,2009,1.534000039100647
1989-10-03,1,18,Indiana,18200901,2009,1.5169999599456787
1989-10-03,1,18,Indiana,18200901,2009,1.5399999618530273
1989-10-03,1,18,Indiana,18200901,2009,1.531999945640564
1991-05-31,1,18,Indiana,18200902,2009,1.6959999799728394
1992-10-03,1,18,Indiana,18200903,2009,1.7430000305175781
1992-10-03,1,18,Indiana,18200903,2009,1.7330000400543213
1995-03-18,1,18,Indiana,18200905,2009,2.2869999408721924
1995-03-18,1,18,Indiana,18200905,2009,2.2709999084472656
1995-03-18,1,18,Indiana,18200905,2009,2.2839999198913574
1995-03-18,1,18,Indiana,18200905,2009,2.2780001163482666
1998-12-19,1,18,Indiana,18200907,2009,3.812000036239624
1998-12-19,1,18,Indiana,18200907,2009,3.638000011444092
1992-10-03,1,18,Indiana,18200903,2009,1.7480000257492065
1991-05-31,1,18,Indiana,18200902,2009,1.687000036239624
1992-10-03,1,18,Indiana,18200903,2009,1.753000020980835
1991-05-31,1,18,Indiana,18200902,2009,1.6820000410079956
1995-03-18,1,18,Indiana,18200905,2009,2.256999969482422
1994-10-05,1,18,Indiana,18200904,2009,1.9429999589920044
1998-03-15,1,18,Indiana,18200906,2009,3.2799999713897705
1994-10-05,1,18,Indiana,18200904,2009,1.930999994277954
1994-10-05,1,18,Indiana,18200904,2009,1.9160000085830688
1998-03-15,1,18,Indiana,18200906,2009,3.2660000324249268
1998-12-19,1,18,Indiana,18200907,2009,3.625999927520752
1998-12-19,1,18,Indiana,18200907,2009,3.6600000858306885
1998-03-15,1,18,Indiana,18200906,2009,3.2190001010894775
1994-10-05,1,18,Indiana,18200904,2009,1.937000036239624
1994-10-05,1,18,Indiana,18200904,2009,1.9160000085830688
1998-12-19,1,18,Indiana,18200907,2009,3.559000015258789
1998-03-15,1,18,Indiana,18200906,2009,3.2739999294281006
1998-03-15,1,18,Indiana,18200906,2009,3.2160000801086426
1999-10-05,1,23,Maine,23101208,1012,0.7289999723434448
1999-10-05,1,23,Maine,23101208,1012,0.8059999942779541
1999-10-05,1,23,Maine,23101208,1012,0.7570000290870667
1999-10-05,1,23,Maine,23101208,1012,0.6819999814033508
1999-10-05,1,23,Maine,23101208,1012,0.7870000004768372
1989-10-18,1,23,Maine,23101201,1012,0.7429999709129333
1994-08-24,1,23,Maine,23101204,1012,0.8080000281333923
1992-09-28,1,23,Maine,23101203,1012,0.7289999723434448
1998-06-24,1,23,Maine,23101207,1012,0.7720000147819519
1998-06-24,1,23,Maine,23101207,1012,0.8040000200271606
1998-06-24,1,23,Maine,23101207,1012,0.8080000281333923
1998-06-24,1,23,Maine,23101207,1012,0.7680000066757202
2002-02-20,1,23,Maine,23101210,1012,0.800000011920929
2001-05-06,1,23,Maine,23101209,1012,0.8230000138282776
2001-05-06,1,23,Maine,23101209,1012,0.7839999794960022
2002-02-20,1,23,Maine,23101210,1012,0.8349999785423279
2001-05-06,1,23,Maine,23101209,1012,0.8220000267028809
1994-08-24,1,23,Maine,23101204,1012,0.781000018119812
1991-08-14,1,23,Maine,23101202,1012,0.7799999713897705
1994-08-24,1,23,Maine,23101204,1012,0.7910000085830688
1992-09-28,1,23,Maine,23101203,1012,0.6959999799728394
1995-08-19,1,23,Maine,23101205,1012,0.7910000085830688
1989-10-18,1,23,Maine,23101201,1012,0.7089999914169312
1997-08-24,1,23,Maine,23101206,1012,0.8050000071525574
1997-08-24,1,23,Maine,23101206,1012,0.7799999713897705
1997-08-24,1,23,Maine,23101206,1012,0.7960000038146973
1989-10-18,1,23,Maine,23101201,1012,0.7250000238418579
1989-10-18,1,23,Maine,23101201,1012,0.7329999804496765
1992-09-28,1,23,Maine,23101203,1012,0.7319999933242798
1991-08-14,1,23,Maine,23101202,1012,0.7540000081062317
1995-08-19,1,23,Maine,23101205,1012,0.8159999847412109
1991-08-14,1,23,Maine,23101202,1012,0.7329999804496765
1992-09-28,1,23,Maine,23101203,1012,0.7239999771118164
1994-08-24,1,23,Maine,23101204,1012,0.8130000233650208
1995-08-19,1,23,Maine,23101205,1012,0.8009999990463257
1992-09-28,1,23,Maine,23101203,1012,0.6940000057220459
1995-08-19,1,23,Maine,23101205,1012,0.8029999732971191
1991-08-14,1,23,Maine,23101202,1012,0.7680000066757202
1995-08-19,1,23,Maine,23101205,1012,0.8040000200271606
1991-08-14,1,23,Maine,23101202,1012,0.7279999852180481
1989-10-18,1,23,Maine,23101201,1012,0.7089999914169312
1994-08-24,1,23,Maine,23101204,1012,0.8320000171661377
1997-08-24,1,23,Maine,23101206,1012,0.7900000214576721
1998-06-24,1,23,Maine,23101207,1012,0.781000018119812
1997-08-24,1,23,Maine,23101206,1012,0.8109999895095825
2001-05-06,1,23,Maine,23101209,1012,0.8259999752044678
2002-02-20,1,23,Maine,23101210,1012,0.8220000267028809
2002-02-20,1,23,Maine,23101210,1012,0.8420000076293945
2001-05-06,1,23,Maine,23101209,1012,0.8109999895095825
2002-02-20,1,23,Maine,23101210,1012,0.8309999704360962
2002-05-07,1,23,Maine,23101211,1012,0.800000011920929
2002-05-07,1,23,Maine,23101211,1012,0.824999988079071
2002-05-07,1,23,Maine,23101211,1012,0.8149999976158142
2002-05-07,1,23,Maine,23101211,1012,0.8320000171661377
2002-05-07,1,23,Maine,23101211,1012,0.8230000138282776
1993-12-09,1,26,Michigan,26101006,1010,1.4470000267028809
1991-01-08,1,26,Michigan,26100103,1001,0.8569999933242798
1991-01-08,1,26,Michigan,26100103,1001,0.8539999723434448
1991-01-08,1,26,Michigan,26100103,1001,0.8569999933242798
1991-01-08,1,26,Michigan,26100103,1001,0.8289999961853027
1991-01-08,1,26,Michigan,26100103,1001,0.8299999833106995
1994-12-13,1,26,Michigan,26100107,1001,0.8270000219345093
1993-11-02,1,26,Michigan,26100106,1001,0.7549999952316284
1994-07-06,1,26,Michigan,26101007,1010,1.4539999961853027
1992-09-25,1,26,Michigan,26100105,1001,0.7310000061988831
1990-01-09,1,26,Michigan,26100101,1001,1.0410000085830688
1994-12-13,1,26,Michigan,26100107,1001,0.8339999914169312
1991-01-04,1,26,Michigan,26101003,1010,2.263000011444092
1991-01-04,1,26,Michigan,26101003,1010,2.2160000801086426
1990-01-09,1,26,Michigan,26100101,1001,1.0390000343322754
1993-11-02,1,26,Michigan,26100106,1001,0.7519999742507935
1992-09-24,1,26,Michigan,26101005,1010,1.2730000019073486
1994-12-13,1,26,Michigan,26100107,1001,0.824999988079071
1989-11-29,1,26,Michigan,26101001,1010,1.1640000343322754
1993-11-02,1,26,Michigan,26100106,1001,0.7459999918937683
1991-01-04,1,26,Michigan,26101003,1010,2.115000009536743
1990-07-23,1,26,Michigan,26101002,1010,1.1929999589920044
1990-07-23,1,26,Michigan,26101002,1010,1.1890000104904175
1990-01-09,1,26,Michigan,26100101,1001,1.0609999895095825
1991-06-27,1,26,Michigan,26101004,1010,1.347000002861023
1994-07-06,1,26,Michigan,26101007,1010,1.4550000429153442
1991-07-10,1,26,Michigan,26100104,1001,0.7580000162124634
1994-07-06,1,26,Michigan,26101007,1010,1.4539999961853027
1989-11-29,1,26,Michigan,26101001,1010,1.1799999475479126
1990-07-23,1,26,Michigan,26101002,1010,1.1959999799728394
1989-11-29,1,26,Michigan,26101001,1010,1.1720000505447388
1993-12-09,1,26,Michigan,26101006,1010,1.444000005722046
1991-06-27,1,26,Michigan,26101004,1010,1.3589999675750732
1992-09-24,1,26,Michigan,26101005,1010,1.2719999551773071
1990-01-09,1,26,Michigan,26100101,1001,1.0850000381469727
1994-07-06,1,26,Michigan,26101007,1010,1.4559999704360962
1989-11-29,1,26,Michigan,26101001,1010,1.187999963760376
1993-11-02,1,26,Michigan,26100106,1001,0.75
1994-07-06,1,26,Michigan,26101007,1010,1.465999960899353
1992-09-24,1,26,Michigan,26101005,1010,1.2690000534057617
1991-07-10,1,26,Michigan,26100104,1001,0.7639999985694885
1992-09-24,1,26,Michigan,26101005,1010,1.2769999504089355
1990-07-23,1,26,Michigan,26101002,1010,1.2029999494552612
1993-11-02,1,26,Michigan,26100106,1001,0.7540000081062317
1989-11-29,1,26,Michigan,26101001,1010,1.1829999685287476
1990-07-23,1,26,Michigan,26101002,1010,1.1990000009536743
1991-01-04,1,26,Michigan,26101003,1010,2.0999999046325684
1991-07-10,1,26,Michigan,26100104,1001,0.7590000033378601
1993-12-09,1,26,Michigan,26101006,1010,1.4329999685287476
1991-06-27,1,26,Michigan,26101004,1010,1.3519999980926514
1992-09-25,1,26,Michigan,26100105,1001,0.7379999756813049
1991-06-27,1,26,Michigan,26101004,1010,1.3539999723434448
1993-12-09,1,26,Michigan,26101006,1010,1.437999963760376
1992-09-25,1,26,Michigan,26100105,1001,0.7369999885559082
1990-01-09,1,26,Michigan,26100101,1001,1.0269999504089355
1991-07-10,1,26,Michigan,26100104,1001,0.7599999904632568
1991-06-27,1,26,Michigan,26101004,1010,1.371000051498413
1993-12-09,1,26,Michigan,26101006,1010,1.440999984741211
1991-01-04,1,26,Michigan,26101003,1010,2.2209999561309814
1991-07-10,1,26,Michigan,26100104,1001,0.7450000047683716
1992-09-25,1,26,Michigan,26100105,1001,0.7329999804496765
1992-09-25,1,26,Michigan,26100105,1001,0.7329999804496765
1994-12-13,1,26,Michigan,26100107,1001,0.8090000152587891
1992-09-24,1,26,Michigan,26101005,1010,1.2769999504089355
1997-06-28,1,26,Michigan,26101008,1010,1.6410000324249268
1994-12-13,1,26,Michigan,26100107,1001,0.8140000104904175
1990-07-24,1,26,Michigan,26100102,1001,0.75
1997-06-15,1,26,Michigan,26100108,1001,0.7179999947547913
1997-06-15,1,26,Michigan,26100108,1001,0.7160000205039978
1997-06-15,1,26,Michigan,26100108,1001,0.7400000095367432
1990-07-24,1,26,Michigan,26100102,1001,0.7509999871253967
1997-06-15,1,26,Michigan,26100108,1001,0.7409999966621399
1997-06-28,1,26,Michigan,26101008,1010,1.5950000286102295
1997-06-28,1,26,Michigan,26101008,1010,1.6890000104904175
1990-07-24,1,26,Michigan,26100102,1001,0.7490000128746033
1990-07-24,1,26,Michigan,26100102,1001,0.7549999952316284
1998-11-04,1,26,Michigan,26100109,1001,0.7260000109672546
1998-11-04,1,26,Michigan,26100109,1001,0.718999981880188
1998-11-04,1,26,Michigan,26100109,1001,0.75
1998-11-04,1,26,Michigan,26100109,1001,0.7310000061988831
1997-06-15,1,26,Michigan,26100108,1001,0.7310000061988831
1998-11-04,1,26,Michigan,26100109,1001,0.7350000143051147
2003-04-11,1,26,Michigan,26100111,1001,0.7350000143051147
2001-07-10,1,26,Michigan,26100110,1001,0.734000027179718
2001-07-10,1,26,Michigan,26100110,1001,0.746999979019165
2001-07-10,1,26,Michigan,26100110,1001,0.7459999918937683
2001-07-10,1,26,Michigan,26100110,1001,0.753000020980835
2003-11-21,1,26,Michigan,26100112,1001,0.7450000047683716
1997-06-28,1,26,Michigan,26101008,1010,1.725000023841858
2003-04-11,1,26,Michigan,26100111,1001,0.7789999842643738
2003-04-11,1,26,Michigan,26100111,1001,0.7639999985694885
2003-04-11,1,26,Michigan,26100111,1001,0.75
2003-11-21,1,26,Michigan,26100112,1001,0.7139999866485596
2003-11-21,1,26,Michigan,26100112,1001,0.7260000109672546
2003-11-21,1,26,Michigan,26100112,1001,0.7279999852180481
2003-11-21,1,26,Michigan,26100112,1001,0.7300000190734863
2003-04-11,1,26,Michigan,26100111,1001,0.753000020980835
1997-06-28,1,26,Michigan,26101008,1010,1.597000002861023
1990-07-24,1,26,Michigan,26100102,1001,0.7440000176429749
2001-07-10,1,26,Michigan,26100110,1001,0.7390000224113464
1993-11-22,1,27,Minnesota,27102904,1029,1.9279999732971191
1992-08-05,1,27,Minnesota,27102903,1029,1.8769999742507935
1991-08-07,1,27,Minnesota,27102902,1029,1.7649999856948853
1993-11-22,1,27,Minnesota,27102904,1029,1.940000057220459
1992-08-05,1,27,Minnesota,27102903,1029,1.8450000286102295
1993-11-22,1,27,Minnesota,27102904,1029,1.9270000457763672
1992-08-05,1,27,Minnesota,27102903,1029,1.875
1994-07-27,1,27,Minnesota,27102905,1029,2.003999948501587
1993-11-22,1,27,Minnesota,27102904,1029,1.9299999475479126
1994-07-27,1,27,Minnesota,27102905,1029,1.9620000123977661
1991-08-07,1,27,Minnesota,27102902,1029,1.7910000085830688
1991-08-07,1,27,Minnesota,27102902,1029,1.781000018119812
1994-07-27,1,27,Minnesota,27102905,1029,1.975000023841858
1994-07-27,1,27,Minnesota,27102905,1029,1.9910000562667847
1994-07-27,1,27,Minnesota,27102905,1029,1.9950000047683716
1993-11-22,1,27,Minnesota,27102904,1029,1.9179999828338623
1992-08-05,1,27,Minnesota,27102903,1029,1.8519999980926514
1991-08-07,1,27,Minnesota,27102902,1029,1.7680000066757202
1991-08-07,1,27,Minnesota,27102902,1029,1.7690000534057617
1992-08-05,1,27,Minnesota,27102903,1029,1.8639999628067017
1990-06-23,1,27,Minnesota,27102901,1029,1.753000020980835
1990-06-23,1,27,Minnesota,27102901,1029,1.694000005722046
1990-06-23,1,27,Minnesota,27102901,1029,1.6950000524520874
1990-06-23,1,27,Minnesota,27102901,1029,1.6649999618530273
1990-06-23,1,27,Minnesota,27102901,1029,1.6480000019073486
1992-10-21,1,28,Mississippi,28101605,1016,1.062999963760376
1993-01-12,1,28,Mississippi,28101606,1016,1.0499999523162842
1992-02-19,1,28,Mississippi,28101602,1016,1.0859999656677246
1995-08-10,1,28,Mississippi,28308304,3083,1.7170000076293945
1992-02-18,1,28,Mississippi,28308202,3082,1.1130000352859497
1996-10-18,1,28,Mississippi,28101613,1016,1.0449999570846558
1992-10-21,1,28,Mississippi,28101605,1016,1.0470000505447388
1994-01-25,1,28,Mississippi,28308203,3082,1.149999976158142
1994-01-28,1,28,Mississippi,28308303,3083,1.4019999504089355
1992-02-19,1,28,Mississippi,28101602,1016,1.0959999561309814
1992-02-18,1,28,Mississippi,28308202,3082,1.093000054359436
1994-01-28,1,28,Mississippi,28308303,3083,1.4019999504089355
1992-02-19,1,28,Mississippi,28101602,1016,1.1019999980926514
1992-10-21,1,28,Mississippi,28101605,1016,1.059000015258789
1995-08-10,1,28,Mississippi,28308304,3083,1.6920000314712524
1990-11-15,1,28,Mississippi,28308201,3082,1.0429999828338623
1990-12-04,1,28,Mississippi,28308301,3083,1.4620000123977661
1992-03-27,1,28,Mississippi,28101603,1016,1.0789999961853027
1992-08-17,1,28,Mississippi,28101604,1016,1.0850000381469727
1994-01-25,1,28,Mississippi,28101607,1016,1.0820000171661377
1996-01-08,1,28,Mississippi,28101609,1016,1.1039999723434448
1996-10-18,1,28,Mississippi,28101613,1016,1.0169999599456787
1993-01-12,1,28,Mississippi,28101606,1016,1.055999994277954
1996-10-18,1,28,Mississippi,28101613,1016,1.0549999475479126
1990-11-15,1,28,Mississippi,28308201,3082,1.055999994277954
1994-01-25,1,28,Mississippi,28308203,3082,1.1490000486373901
1992-02-17,1,28,Mississippi,28308302,3083,1.4500000476837158
1995-08-08,1,28,Mississippi,28308204,3082,1.2899999618530273
1992-03-27,1,28,Mississippi,28101603,1016,1.0750000476837158
1990-11-15,1,28,Mississippi,28101601,1016,1.059999942779541
1995-10-27,1,28,Mississippi,28101608,1016,1.1039999723434448
1996-01-08,1,28,Mississippi,28101609,1016,1.1039999723434448
1995-10-27,1,28,Mississippi,28101608,1016,1.093999981880188
1996-04-23,1,28,Mississippi,28101610,1016,1.1260000467300415
1992-03-27,1,28,Mississippi,28101603,1016,1.062000036239624
1996-08-08,1,28,Mississippi,28101612,1016,1.090999960899353
1992-08-17,1,28,Mississippi,28101604,1016,1.055999994277954
1996-08-08,1,28,Mississippi,28101612,1016,1.0820000171661377
1994-01-25,1,28,Mississippi,28101607,1016,1.0579999685287476
1995-08-10,1,28,Mississippi,28308304,3083,1.7170000076293945
1993-01-12,1,28,Mississippi,28101606,1016,1.065000057220459
1994-01-25,1,28,Mississippi,28101607,1016,1.0720000267028809
1996-08-08,1,28,Mississippi,28101611,1016,1.0679999589920044
1996-04-23,1,28,Mississippi,28101610,1016,1.1230000257492065
1995-10-27,1,28,Mississippi,28101608,1016,1.1150000095367432
1992-08-17,1,28,Mississippi,28101604,1016,1.055999994277954
1995-08-10,1,28,Mississippi,28308304,3083,1.7309999465942383
1996-08-08,1,28,Mississippi,28101612,1016,1.0980000495910645
1990-12-04,1,28,Mississippi,28308301,3083,1.468999981880188
1990-12-04,1,28,Mississippi,28308301,3083,1.4639999866485596
1992-02-18,1,28,Mississippi,28308202,3082,1.1089999675750732
1990-11-15,1,28,Mississippi,28308201,3082,1.0369999408721924
1995-08-10,1,28,Mississippi,28308304,3083,1.7089999914169312
1995-08-08,1,28,Mississippi,28308204,3082,1.2979999780654907
1990-11-15,1,28,Mississippi,28308201,3082,1.062999963760376
1995-08-08,1,28,Mississippi,28308204,3082,1.281000018119812
1992-02-17,1,28,Mississippi,28308302,3083,1.4550000429153442
1992-02-18,1,28,Mississippi,28308202,3082,1.1089999675750732
1994-01-25,1,28,Mississippi,28308203,3082,1.1549999713897705
1996-04-23,1,28,Mississippi,28101610,1016,1.121999979019165
1996-08-08,1,28,Mississippi,28101612,1016,1.1009999513626099
1992-02-17,1,28,Mississippi,28308302,3083,1.468999981880188
1990-12-04,1,28,Mississippi,28308301,3083,1.4559999704360962
1994-01-28,1,28,Mississippi,28308303,3083,1.3910000324249268
1994-01-25,1,28,Mississippi,28308203,3082,1.1469999551773071
1996-04-23,1,28,Mississippi,28101610,1016,1.1200000047683716
1994-01-25,1,28,Mississippi,28101607,1016,1.0870000123977661
1992-02-19,1,28,Mississippi,28101602,1016,1.1030000448226929
1992-02-17,1,28,Mississippi,28308302,3083,1.4730000495910645
1993-01-12,1,28,Mississippi,28101606,1016,1.034999966621399
1996-10-18,1,28,Mississippi,28101613,1016,1.0420000553131104
1995-08-08,1,28,Mississippi,28308204,3082,1.2790000438690186
1990-11-15,1,28,Mississippi,28308201,3082,1.0520000457763672
1992-08-17,1,28,Mississippi,28101604,1016,1.055999994277954
1992-10-21,1,28,Mississippi,28101605,1016,1.0800000429153442
1993-01-12,1,28,Mississippi,28101606,1016,1.0520000457763672
1994-01-25,1,28,Mississippi,28101607,1016,1.0889999866485596
1995-08-08,1,28,Mississippi,28308204,3082,1.2890000343322754
1990-12-04,1,28,Mississippi,28308301,3083,1.4550000429153442
1994-01-28,1,28,Mississippi,28308303,3083,1.38100004196167
1990-11-15,1,28,Mississippi,28101601,1016,1.0700000524520874
1995-10-27,1,28,Mississippi,28101608,1016,1.0989999771118164
1996-01-08,1,28,Mississippi,28101609,1016,1.0950000286102295
1996-04-23,1,28,Mississippi,28101610,1016,1.1239999532699585
1990-11-15,1,28,Mississippi,28101601,1016,1.0609999895095825
1990-11-15,1,28,Mississippi,28101601,1016,1.0460000038146973
1996-01-08,1,28,Mississippi,28101609,1016,1.1130000352859497
1992-10-21,1,28,Mississippi,28101605,1016,1.0540000200271606
1990-11-15,1,28,Mississippi,28101601,1016,1.0850000381469727
1992-03-27,1,28,Mississippi,28101603,1016,1.062999963760376
1992-02-17,1,28,Mississippi,28308302,3083,1.4600000381469727
1996-01-08,1,28,Mississippi,28101609,1016,1.100000023841858
1995-10-27,1,28,Mississippi,28101608,1016,1.1080000400543213
1992-08-17,1,28,Mississippi,28101604,1016,1.0870000123977661
1992-02-19,1,28,Mississippi,28101602,1016,1.0789999961853027
1992-03-27,1,28,Mississippi,28101603,1016,1.0889999866485596
1992-02-18,1,28,Mississippi,28308202,3082,1.097000002861023
1994-01-28,1,28,Mississippi,28308303,3083,1.3860000371932983
1994-01-25,1,28,Mississippi,28308203,3082,1.1480000019073486
1996-10-18,1,28,Mississippi,28101613,1016,1.0700000524520874
2002-12-13,1,28,Mississippi,28308308,3083,1.652999997138977
2001-03-07,1,28,Mississippi,28308206,3082,1.687999963760376
2001-11-05,1,28,Mississippi,28308307,3083,1.652999997138977
2002-12-13,1,28,Mississippi,28308308,3083,1.7410000562667847
2002-12-13,1,28,Mississippi,28308308,3083,1.6579999923706055
2004-10-13,1,28,Mississippi,28308309,3083,1.7300000190734863
2001-03-07,1,28,Mississippi,28308206,3082,1.7649999856948853
2001-03-07,1,28,Mississippi,28308206,3082,1.6480000019073486
2004-10-13,1,28,Mississippi,28308309,3083,1.7879999876022339
2004-10-13,1,28,Mississippi,28308309,3083,1.7610000371932983
2004-10-13,1,28,Mississippi,28308309,3083,1.7640000581741333
1998-07-21,1,28,Mississippi,28308305,3083,1.6119999885559082
1998-07-22,1,28,Mississippi,28308205,3082,1.4559999704360962
2001-11-05,1,28,Mississippi,28308307,3083,1.6519999504089355
2001-11-05,1,28,Mississippi,28308307,3083,1.6260000467300415
1999-09-08,1,28,Mississippi,28308306,3083,1.5779999494552612
1998-07-21,1,28,Mississippi,28308305,3083,1.6109999418258667
1998-07-22,1,28,Mississippi,28308205,3082,1.4040000438690186
1998-07-21,1,28,Mississippi,28308305,3083,1.6339999437332153
1997-10-14,1,28,Mississippi,28101614,1016,1.062999963760376
1998-07-22,1,28,Mississippi,28308205,3082,1.4919999837875366
2001-03-07,1,28,Mississippi,28308206,3082,1.6790000200271606
2002-12-13,1,28,Mississippi,28308308,3083,1.6959999799728394
1998-07-22,1,28,Mississippi,28308205,3082,1.4759999513626099
2001-11-05,1,28,Mississippi,28308307,3083,1.6490000486373901
1997-10-14,1,28,Mississippi,28101614,1016,1.0679999589920044
1999-09-08,1,28,Mississippi,28308306,3083,1.5410000085830688
1999-09-08,1,28,Mississippi,28308306,3083,1.5709999799728394
1998-07-21,1,28,Mississippi,28308305,3083,1.6009999513626099
1997-10-14,1,28,Mississippi,28101614,1016,1.0479999780654907
1997-10-14,1,28,Mississippi,28101614,1016,1.0640000104904175
2001-11-05,1,28,Mississippi,28308307,3083,1.6519999504089355
1999-09-08,1,28,Mississippi,28308306,3083,1.5570000410079956
1998-07-21,1,28,Mississippi,28308305,3083,1.5470000505447388
1999-09-08,1,28,Mississippi,28308306,3083,1.5549999475479126
1998-07-22,1,28,Mississippi,28308205,3082,1.472000002861023
2002-12-13,1,28,Mississippi,28308308,3083,1.7569999694824219
1997-10-14,1,28,Mississippi,28101614,1016,1.0759999752044678
2001-03-07,1,28,Mississippi,28308206,3082,1.6829999685287476
2004-10-13,1,28,Mississippi,28308309,3083,1.7949999570846558
2011-03-12,1,28,Mississippi,28308310,3083,2.01200008392334
2011-03-12,1,28,Mississippi,28308310,3083,1.9889999628067017
2011-03-12,1,28,Mississippi,28308310,3083,2.0480000972747803
2011-03-12,1,28,Mississippi,28308310,3083,2.010999917984009
2011-03-12,1,28,Mississippi,28308310,3083,2.000999927520752
2016-07-20,1,28,Mississippi,283083GF,3083,2.3919999599456787
2016-07-20,1,28,Mississippi,283083GF,3083,2.2300000190734863
2016-07-20,1,28,Mississippi,283083GF,3083,2.2909998893737793
2016-07-20,1,28,Mississippi,283083GF,3083,2.4179999828338623
2016-07-20,1,28,Mississippi,283083GF,3083,2.319000005722046
1990-04-30,1,29,Missouri,29100501,1005,0.7670000195503235
1993-03-14,1,29,Missouri,29100504,1005,0.8090000152587891
1993-03-14,1,29,Missouri,29100504,1005,0.8140000104904175
1994-05-10,1,29,Missouri,29100505,1005,0.7400000095367432
1992-02-15,1,29,Missouri,29100503,1005,0.7929999828338623
1994-05-10,1,29,Missouri,29100505,1005,0.7329999804496765
1994-05-10,1,29,Missouri,29100505,1005,0.7409999966621399
1994-05-10,1,29,Missouri,29100505,1005,0.7279999852180481
1993-03-14,1,29,Missouri,29100504,1005,0.8159999847412109
1994-05-10,1,29,Missouri,29100505,1005,0.718999981880188
2000-01-18,1,29,Missouri,29100509,1005,0.8320000171661377
1990-04-30,1,29,Missouri,29100501,1005,0.7900000214576721
1992-02-15,1,29,Missouri,29100503,1005,0.7919999957084656
1993-03-14,1,29,Missouri,29100504,1005,0.7900000214576721
1990-12-12,1,29,Missouri,29100502,1005,0.8100000023841858
1993-03-14,1,29,Missouri,29100504,1005,0.8109999895095825
1990-04-30,1,29,Missouri,29100501,1005,0.7919999957084656
1992-02-15,1,29,Missouri,29100503,1005,0.8059999942779541
1992-02-15,1,29,Missouri,29100503,1005,0.781000018119812
1992-02-15,1,29,Missouri,29100503,1005,0.7879999876022339
1990-04-30,1,29,Missouri,29100501,1005,0.7870000004768372
1990-04-30,1,29,Missouri,29100501,1005,0.7900000214576721
1990-12-12,1,29,Missouri,29100502,1005,0.8159999847412109
1997-03-15,1,29,Missouri,29100506,1005,0.7580000162124634
1990-12-12,1,29,Missouri,29100502,1005,0.8029999732971191
1998-04-15,1,29,Missouri,29100507,1005,0.7979999780654907
1998-04-15,1,29,Missouri,29100507,1005,0.7649999856948853
1997-03-15,1,29,Missouri,29100506,1005,0.7770000100135803
1997-03-15,1,29,Missouri,29100506,1005,0.7649999856948853
1997-03-15,1,29,Missouri,29100506,1005,0.7870000004768372
1999-02-13,1,29,Missouri,29100508,1005,0.7879999876022339
1999-02-13,1,29,Missouri,29100508,1005,0.7850000262260437
1999-02-13,1,29,Missouri,29100508,1005,0.7979999780654907
2000-01-18,1,29,Missouri,29100509,1005,0.8109999895095825
1998-04-15,1,29,Missouri,29100507,1005,0.7699999809265137
1999-02-13,1,29,Missouri,29100508,1005,0.8080000281333923
1998-04-15,1,29,Missouri,29100507,1005,0.7979999780654907
1999-02-13,1,29,Missouri,29100508,1005,0.7990000247955322
2005-05-13,1,29,Missouri,29100513,1005,0.8870000243186951
2005-05-13,1,29,Missouri,29100513,1005,0.8679999709129333
2005-05-13,1,29,Missouri,29100513,1005,0.902999997138977
2000-01-18,1,29,Missouri,29100509,1005,0.8190000057220459
2001-04-26,1,29,Missouri,29100510,1005,0.8159999847412109
2002-02-17,1,29,Missouri,29100511,1005,0.8799999952316284
2000-01-18,1,29,Missouri,29100509,1005,0.8059999942779541
1997-03-15,1,29,Missouri,29100506,1005,0.7639999985694885
2005-05-13,1,29,Missouri,29100513,1005,0.9660000205039978
2004-06-11,1,29,Missouri,29100512,1005,0.9079999923706055
2004-06-11,1,29,Missouri,29100512,1005,0.9089999794960022
2004-06-11,1,29,Missouri,29100512,1005,0.8669999837875366
2005-05-13,1,29,Missouri,29100513,1005,0.8970000147819519
2004-06-11,1,29,Missouri,29100512,1005,0.8880000114440918
2004-06-11,1,29,Missouri,29100512,1005,0.8880000114440918
1998-04-15,1,29,Missouri,29100507,1005,0.796999990940094
2002-02-17,1,29,Missouri,29100511,1005,0.8679999709129333
2000-01-18,1,29,Missouri,29100509,1005,0.8259999752044678
2002-02-17,1,29,Missouri,29100511,1005,0.8389999866485596
2002-02-17,1,29,Missouri,29100511,1005,0.8619999885559082
2001-04-26,1,29,Missouri,29100510,1005,0.7990000247955322
2001-04-26,1,29,Missouri,29100510,1005,0.8339999914169312
2001-04-26,1,29,Missouri,29100510,1005,0.824999988079071
2001-04-26,1,29,Missouri,29100510,1005,0.824999988079071
2002-02-17,1,29,Missouri,29100511,1005,0.878000020980835
1990-12-12,1,29,Missouri,29100502,1005,0.8029999732971191
1990-12-12,1,29,Missouri,29100502,1005,0.8190000057220459
1990-10-19,1,30,Montana,30100103,1001,1.0210000276565552
1990-10-19,1,30,Montana,30100103,1001,1.0089999437332153
1989-09-15,1,30,Montana,30100101,1001,1.0420000553131104
1991-11-10,1,30,Montana,30100104,1001,1.0360000133514404
1997-10-09,1,30,Montana,30100110,1001,1.0850000381469727
1989-09-15,1,30,Montana,30100101,1001,1.00600004196167
1989-09-15,1,30,Montana,30100101,1001,1.0529999732971191
1991-11-10,1,30,Montana,30100104,1001,1.0160000324249268
1989-09-15,1,30,Montana,30100101,1001,1.0169999599456787
1997-10-09,1,30,Montana,30100110,1001,1.0980000495910645
1990-10-19,1,30,Montana,30100103,1001,1.0130000114440918
1997-10-09,1,30,Montana,30100110,1001,1.1109999418258667
1997-10-09,1,30,Montana,30100110,1001,1.093000054359436
1990-10-19,1,30,Montana,30100103,1001,1.0390000343322754
1989-09-15,1,30,Montana,30100101,1001,1.0390000343322754
1991-11-10,1,30,Montana,30100104,1001,1.0190000534057617
1991-11-10,1,30,Montana,30100104,1001,1.031000018119812
1991-11-10,1,30,Montana,30100104,1001,1.024999976158142
1990-10-19,1,30,Montana,30100103,1001,1.0080000162124634
1990-05-05,1,30,Montana,30100102,1001,1.0429999828338623
1995-10-11,1,30,Montana,30100108,1001,1.0850000381469727
1995-10-11,1,30,Montana,30100108,1001,1.0809999704360962
1994-07-26,1,30,Montana,30100107,1001,1.1019999980926514
1997-10-09,1,30,Montana,30100110,1001,1.093000054359436
1992-08-26,1,30,Montana,30100105,1001,1.0520000457763672
1994-07-26,1,30,Montana,30100107,1001,1.1410000324249268
1993-09-28,1,30,Montana,30100106,1001,1.0740000009536743
1993-09-28,1,30,Montana,30100106,1001,1.0850000381469727
1996-09-11,1,30,Montana,30100109,1001,1.1200000047683716
1992-08-26,1,30,Montana,30100105,1001,1.0499999523162842
1990-05-05,1,30,Montana,30100102,1001,1.0700000524520874
1990-05-05,1,30,Montana,30100102,1001,1.0240000486373901
1998-06-10,1,30,Montana,30100111,1001,1.2760000228881836
1998-06-10,1,30,Montana,30100111,1001,1.2699999809265137
1998-06-10,1,30,Montana,30100111,1001,1.25
1990-05-05,1,30,Montana,30100102,1001,1.0119999647140503
1998-06-10,1,30,Montana,30100111,1001,1.2510000467300415
1990-05-05,1,30,Montana,30100102,1001,1.0399999618530273
1998-06-10,1,30,Montana,30100111,1001,1.2359999418258667
1995-10-11,1,30,Montana,30100108,1001,1.0709999799728394
1996-09-11,1,30,Montana,30100109,1001,1.1319999694824219
1996-09-11,1,30,Montana,30100109,1001,1.1410000324249268
1992-08-26,1,30,Montana,30100105,1001,1.0549999475479126
1993-09-28,1,30,Montana,30100106,1001,1.0700000524520874
1993-09-28,1,30,Montana,30100106,1001,1.0829999446868896
1992-08-26,1,30,Montana,30100105,1001,1.065999984741211
1995-10-11,1,30,Montana,30100108,1001,1.100000023841858
1994-07-26,1,30,Montana,30100107,1001,1.1349999904632568
1994-07-26,1,30,Montana,30100107,1001,1.090999960899353
1996-09-11,1,30,Montana,30100109,1001,1.1230000257492065
1993-09-28,1,30,Montana,30100106,1001,1.0789999961853027
1995-10-11,1,30,Montana,30100108,1001,1.0709999799728394
1996-09-11,1,30,Montana,30100109,1001,1.1200000047683716
1992-08-26,1,30,Montana,30100105,1001,1.065000057220459
1994-07-26,1,30,Montana,30100107,1001,1.1089999675750732
1999-05-22,1,30,Montana,30100112,1001,1.1169999837875366
1999-05-22,1,30,Montana,30100112,1001,1.1339999437332153
1999-05-22,1,30,Montana,30100112,1001,1.1239999532699585
1999-05-22,1,30,Montana,30100112,1001,1.1330000162124634
1999-05-22,1,30,Montana,30100112,1001,1.1410000324249268
1989-11-30,1,34,New Jersey,34163801,1638,0.8830000162124634
1990-11-16,1,34,New Jersey,34163802,1638,0.9570000171661377
1990-11-16,1,34,New Jersey,34163802,1638,0.9409999847412109
1993-06-11,1,34,New Jersey,34163805,1638,0.9240000247955322
1989-11-30,1,34,New Jersey,34163801,1638,0.9210000038146973
1990-11-16,1,34,New Jersey,34163802,1638,0.9430000185966492
1989-11-30,1,34,New Jersey,34163801,1638,0.8849999904632568
1991-09-07,1,34,New Jersey,34163803,1638,0.9470000267028809
1990-11-16,1,34,New Jersey,34163802,1638,0.9340000152587891
1990-11-16,1,34,New Jersey,34163802,1638,0.9350000023841858
1999-09-01,1,34,New Jersey,34163809,1638,1.0180000066757202
1999-09-01,1,34,New Jersey,34163809,1638,1.0299999713897705
1999-09-01,1,34,New Jersey,34163809,1638,1.0460000038146973
1999-09-01,1,34,New Jersey,34163809,1638,1.0299999713897705
1999-09-01,1,34,New Jersey,34163809,1638,1.0149999856948853
1997-12-09,1,34,New Jersey,34163807,1638,1.0390000343322754
1997-12-09,1,34,New Jersey,34163807,1638,1.0360000133514404
1997-12-09,1,34,New Jersey,34163807,1638,1.0169999599456787
2005-11-17,1,34,New Jersey,34163815,1638,1.0470000505447388
2005-11-17,1,34,New Jersey,34163815,1638,1.0529999732971191
2002-06-05,1,34,New Jersey,34163811,1638,1.0199999809265137
2002-06-05,1,34,New Jersey,34163811,1638,1.034999966621399
2004-03-17,1,34,New Jersey,34163814,1638,1.0199999809265137
2002-06-05,1,34,New Jersey,34163811,1638,1.0290000438690186
2001-12-06,1,34,New Jersey,34163810,1638,1.0609999895095825
2004-03-17,1,34,New Jersey,34163814,1638,1.0479999780654907
1994-06-10,1,34,New Jersey,34163806,1638,0.9700000286102295
1992-06-20,1,34,New Jersey,34163804,1638,0.9049999713897705
1993-06-11,1,34,New Jersey,34163805,1638,0.9300000071525574
1989-11-30,1,34,New Jersey,34163801,1638,0.9120000004768372
1993-06-11,1,34,New Jersey,34163805,1638,0.9279999732971191
1993-06-11,1,34,New Jersey,34163805,1638,0.9139999747276306
1992-06-20,1,34,New Jersey,34163804,1638,0.9120000004768372
1994-06-10,1,34,New Jersey,34163806,1638,0.9190000295639038
1993-06-11,1,34,New Jersey,34163805,1638,0.9179999828338623
1991-09-07,1,34,New Jersey,34163803,1638,0.9309999942779541
1994-06-10,1,34,New Jersey,34163806,1638,0.9990000128746033
1992-06-20,1,34,New Jersey,34163804,1638,0.878000020980835
1994-06-10,1,34,New Jersey,34163806,1638,0.9409999847412109
1992-06-20,1,34,New Jersey,34163804,1638,0.9129999876022339
1994-06-10,1,34,New Jersey,34163806,1638,0.9739999771118164
1992-06-20,1,34,New Jersey,34163804,1638,0.8880000114440918
1991-09-07,1,34,New Jersey,34163803,1638,0.968999981880188
2004-03-17,1,34,New Jersey,34163814,1638,1.0299999713897705
2005-11-17,1,34,New Jersey,34163815,1638,1.0540000200271606
2004-03-17,1,34,New Jersey,34163814,1638,1.0299999713897705
2004-03-17,1,34,New Jersey,34163814,1638,1.0260000228881836
1991-09-07,1,34,New Jersey,34163803,1638,0.9240000247955322
2005-11-17,1,34,New Jersey,34163815,1638,1.0190000534057617
1991-09-07,1,34,New Jersey,34163803,1638,0.9259999990463257
2005-11-17,1,34,New Jersey,34163815,1638,1.0399999618530273
1989-11-30,1,34,New Jersey,34163801,1638,0.890999972820282
1997-12-09,1,34,New Jersey,34163807,1638,1.024999976158142
1997-12-09,1,34,New Jersey,34163807,1638,1.0329999923706055
1998-08-12,1,34,New Jersey,34163808,1638,0.9980000257492065
2001-12-06,1,34,New Jersey,34163810,1638,1.0850000381469727
2002-08-22,1,34,New Jersey,34163812,1638,1.0479999780654907
2003-05-18,1,34,New Jersey,34163813,1638,1.0299999713897705
2003-05-18,1,34,New Jersey,34163813,1638,1.0210000276565552
2001-12-06,1,34,New Jersey,34163810,1638,1.0520000457763672
1998-08-12,1,34,New Jersey,34163808,1638,1.0010000467300415
1998-08-12,1,34,New Jersey,34163808,1638,1.0080000162124634
1998-08-12,1,34,New Jersey,34163808,1638,0.9789999723434448
2002-08-22,1,34,New Jersey,34163812,1638,1.0509999990463257
2002-08-22,1,34,New Jersey,34163812,1638,1.0429999828338623
2002-08-22,1,34,New Jersey,34163812,1638,1.069000005722046
2002-08-22,1,34,New Jersey,34163812,1638,1.0369999408721924
2002-06-05,1,34,New Jersey,34163811,1638,1.0329999923706055
2001-12-06,1,34,New Jersey,34163810,1638,1.0520000457763672
2002-06-05,1,34,New Jersey,34163811,1638,1.0499999523162842
2001-12-06,1,34,New Jersey,34163810,1638,1.065999984741211
2003-05-18,1,34,New Jersey,34163813,1638,0.9940000176429749
2003-05-18,1,34,New Jersey,34163813,1638,1.0329999923706055
2003-05-18,1,34,New Jersey,34163813,1638,1.0219999551773071
1998-08-12,1,34,New Jersey,34163808,1638,1.0089999437332153
1990-10-16,1,35,New Mexico,35102201,1022,0.6880000233650208
1991-11-20,1,35,New Mexico,35102202,1022,0.7329999804496765
1995-05-11,1,35,New Mexico,35102204,1022,0.7739999890327454
1990-10-16,1,35,New Mexico,35102201,1022,0.6830000281333923
1990-10-16,1,35,New Mexico,35200601,2006,1.4019999504089355
1993-12-02,1,35,New Mexico,35102203,1022,0.7549999952316284
1990-10-18,1,35,New Mexico,35111201,1112,0.7960000038146973
1994-10-14,1,35,New Mexico,35111205,1112,0.8410000205039978
1995-01-10,1,35,New Mexico,35111206,1112,0.847000002861023
1994-10-14,1,35,New Mexico,35111205,1112,0.8709999918937683
1991-02-19,1,35,New Mexico,35111202,1112,0.7490000128746033
1992-11-17,1,35,New Mexico,35111203,1112,0.7590000033378601
1995-06-20,1,35,New Mexico,35111208,1112,0.8289999961853027
1994-07-08,1,35,New Mexico,35111204,1112,0.8149999976158142
1995-06-20,1,35,New Mexico,35111208,1112,0.824999988079071
1995-04-18,1,35,New Mexico,35111207,1112,0.8510000109672546
1995-04-18,1,35,New Mexico,35111207,1112,0.8399999737739563
1991-11-20,1,35,New Mexico,35102202,1022,0.7459999918937683
1995-06-20,1,35,New Mexico,35111208,1112,0.8220000267028809
1993-12-02,1,35,New Mexico,35102203,1022,0.7789999842643738
1990-10-16,1,35,New Mexico,35200601,2006,1.4160000085830688
1994-10-14,1,35,New Mexico,35111205,1112,0.8529999852180481
1994-10-14,1,35,New Mexico,35111205,1112,0.8690000176429749
1995-05-11,1,35,New Mexico,35102204,1022,0.7760000228881836
1992-11-17,1,35,New Mexico,35111203,1112,0.7889999747276306
1990-10-16,1,35,New Mexico,35102201,1022,0.6830000281333923
1997-05-21,1,35,New Mexico,35102205,1022,0.8519999980926514
1995-01-10,1,35,New Mexico,35111206,1112,0.8550000190734863
1995-01-10,1,35,New Mexico,35111206,1112,0.8489999771118164
1990-10-18,1,35,New Mexico,35111201,1112,0.7419999837875366
1992-11-17,1,35,New Mexico,35111203,1112,0.7940000295639038
1990-10-16,1,35,New Mexico,35200601,2006,1.409999966621399
1990-10-16,1,35,New Mexico,35200601,2006,1.409999966621399
1991-02-19,1,35,New Mexico,35111202,1112,0.7480000257492065
1990-10-18,1,35,New Mexico,35111201,1112,0.7950000166893005
1991-11-20,1,35,New Mexico,35102202,1022,0.7279999852180481
1995-05-11,1,35,New Mexico,35102204,1022,0.7749999761581421
1994-07-08,1,35,New Mexico,35111204,1112,0.8330000042915344
1995-06-20,1,35,New Mexico,35111208,1112,0.800000011920929
1991-11-20,1,35,New Mexico,35200602,2006,1.3650000095367432
1991-11-20,1,35,New Mexico,35102202,1022,0.7379999756813049
1993-12-02,1,35,New Mexico,35102203,1022,0.765999972820282
1991-11-20,1,35,New Mexico,35200602,2006,1.4119999408721924
1991-02-19,1,35,New Mexico,35111202,1112,0.7450000047683716
1993-12-02,1,35,New Mexico,35102203,1022,0.7599999904632568
1991-11-20,1,35,New Mexico,35200602,2006,1.4520000219345093
1990-10-16,1,35,New Mexico,35102201,1022,0.671999990940094
1990-10-18,1,35,New Mexico,35111201,1112,0.7829999923706055
1991-11-20,1,35,New Mexico,35200602,2006,1.4709999561309814
1991-11-20,1,35,New Mexico,35102202,1022,0.7300000190734863
1995-01-10,1,35,New Mexico,35111206,1112,0.8759999871253967
1990-10-16,1,35,New Mexico,35102201,1022,0.6880000233650208
1991-02-19,1,35,New Mexico,35111202,1112,0.7609999775886536
1994-07-08,1,35,New Mexico,35111204,1112,0.8190000057220459
1992-11-17,1,35,New Mexico,35111203,1112,0.7860000133514404
1995-06-20,1,35,New Mexico,35111208,1112,0.8100000023841858
1994-07-08,1,35,New Mexico,35111204,1112,0.8339999914169312
1995-05-11,1,35,New Mexico,35102204,1022,0.800000011920929
1991-11-20,1,35,New Mexico,35200602,2006,1.472000002861023
1997-05-21,1,35,New Mexico,35102205,1022,0.8379999995231628
1993-12-02,1,35,New Mexico,35102203,1022,0.7649999856948853
1995-05-11,1,35,New Mexico,35102204,1022,0.7839999794960022
1990-10-16,1,35,New Mexico,35200601,2006,1.4040000438690186
1994-10-14,1,35,New Mexico,35111205,1112,0.843999981880188
1990-10-18,1,35,New Mexico,35111201,1112,0.7879999876022339
1995-04-18,1,35,New Mexico,35111207,1112,0.8330000042915344
1994-07-08,1,35,New Mexico,35111204,1112,0.8399999737739563
1992-11-17,1,35,New Mexico,35111203,1112,0.7850000262260437
1995-04-18,1,35,New Mexico,35111207,1112,0.8370000123977661
1991-02-19,1,35,New Mexico,35111202,1112,0.7649999856948853
1995-01-10,1,35,New Mexico,35111206,1112,0.8569999933242798
2003-02-24,1,35,New Mexico,35111222,1112,0.9769999980926514
2001-10-01,1,35,New Mexico,35111218,1112,0.8640000224113464
2001-10-01,1,35,New Mexico,35111218,1112,0.8529999852180481
2001-05-04,1,35,New Mexico,35111216,1112,0.8809999823570251
2002-10-02,1,35,New Mexico,35111220,1112,0.9259999990463257
2004-06-07,1,35,New Mexico,35111223,1112,1.1959999799728394
2001-07-19,1,35,New Mexico,35111217,1112,0.875
2001-07-19,1,35,New Mexico,35111217,1112,0.8820000290870667
2001-02-05,1,35,New Mexico,35111215,1112,0.8619999885559082
2002-10-02,1,35,New Mexico,35111220,1112,0.9470000267028809
2004-06-07,1,35,New Mexico,35111223,1112,1.2089999914169312
2001-02-05,1,35,New Mexico,35111215,1112,0.8650000095367432
2003-02-24,1,35,New Mexico,35111222,1112,0.9950000047683716
2003-02-24,1,35,New Mexico,35111222,1112,0.9810000061988831
2003-01-08,1,35,New Mexico,35111221,1112,0.9929999709129333
2002-10-02,1,35,New Mexico,35111220,1112,0.8949999809265137
2002-10-02,1,35,New Mexico,35111220,1112,0.9110000133514404
2004-06-07,1,35,New Mexico,35111223,1112,1.1540000438690186
2001-10-01,1,35,New Mexico,35111218,1112,0.843999981880188
2001-07-19,1,35,New Mexico,35111217,1112,0.8880000114440918
2003-02-24,1,35,New Mexico,35111222,1112,1.027999997138977
2002-02-08,1,35,New Mexico,35111219,1112,0.902999997138977
2001-05-04,1,35,New Mexico,35111216,1112,0.8930000066757202
2003-01-08,1,35,New Mexico,35111221,1112,0.9950000047683716
2002-10-02,1,35,New Mexico,35111220,1112,0.9449999928474426
2001-02-05,1,35,New Mexico,35111215,1112,0.847000002861023
2001-07-19,1,35,New Mexico,35111217,1112,0.8600000143051147
2001-02-05,1,35,New Mexico,35111215,1112,0.8759999871253967
1995-04-18,1,35,New Mexico,35111207,1112,0.8159999847412109
1997-10-08,1,35,New Mexico,35111212,1112,0.859000027179718
1997-04-04,1,35,New Mexico,35111210,1112,0.8809999823570251
1997-01-15,1,35,New Mexico,35111209,1112,0.8040000200271606
1997-10-08,1,35,New Mexico,35111212,1112,0.8709999918937683
1997-05-21,1,35,New Mexico,35102205,1022,0.8420000076293945
1997-04-04,1,35,New Mexico,35111210,1112,0.902999997138977
1997-01-15,1,35,New Mexico,35111209,1112,0.8230000138282776
1997-08-25,1,35,New Mexico,35111211,1112,0.9300000071525574
1997-04-04,1,35,New Mexico,35111210,1112,0.8970000147819519
1997-01-15,1,35,New Mexico,35111209,1112,0.8339999914169312
1997-08-25,1,35,New Mexico,35111211,1112,0.9129999876022339
1999-03-09,1,35,New Mexico,35102206,1022,0.8389999866485596
1997-08-25,1,35,New Mexico,35111211,1112,0.9459999799728394
1997-08-25,1,35,New Mexico,35111211,1112,0.8920000195503235
1997-05-21,1,35,New Mexico,35102205,1022,0.8410000205039978
1997-04-04,1,35,New Mexico,35111210,1112,0.8700000047683716
1997-10-08,1,35,New Mexico,35111212,1112,0.8759999871253967
1997-10-08,1,35,New Mexico,35111212,1112,0.8820000290870667
2000-06-02,1,35,New Mexico,35111213,1112,0.8019999861717224
1999-03-09,1,35,New Mexico,35102206,1022,0.7940000295639038
1997-01-15,1,35,New Mexico,35111209,1112,0.8220000267028809
2002-02-08,1,35,New Mexico,35111219,1112,0.8569999933242798
2002-02-08,1,35,New Mexico,35111219,1112,0.9490000009536743
2002-02-08,1,35,New Mexico,35111219,1112,0.8849999904632568
2003-02-24,1,35,New Mexico,35111222,1112,1.0180000066757202
2003-01-08,1,35,New Mexico,35111221,1112,1.0329999923706055
2001-10-01,1,35,New Mexico,35111218,1112,0.8769999742507935
2001-10-01,1,35,New Mexico,35111218,1112,0.8690000176429749
2002-02-08,1,35,New Mexico,35111219,1112,0.9390000104904175
2000-10-19,1,35,New Mexico,35111214,1112,0.8579999804496765
1999-03-09,1,35,New Mexico,35102206,1022,0.8259999752044678
1997-08-25,1,35,New Mexico,35111211,1112,0.9440000057220459
2000-06-02,1,35,New Mexico,35111213,1112,0.8119999766349792
1999-03-09,1,35,New Mexico,35102206,1022,0.8510000109672546
2000-10-19,1,35,New Mexico,35111214,1112,0.8510000109672546
2000-10-19,1,35,New Mexico,35111214,1112,0.8460000157356262
1999-03-09,1,35,New Mexico,35102206,1022,0.8029999732971191
1997-10-08,1,35,New Mexico,35111212,1112,0.8820000290870667
1997-01-15,1,35,New Mexico,35111209,1112,0.8159999847412109
1997-04-04,1,35,New Mexico,35111210,1112,0.8830000162124634
1997-05-21,1,35,New Mexico,35102205,1022,0.8659999966621399
2000-06-02,1,35,New Mexico,35111213,1112,0.8410000205039978
2000-10-19,1,35,New Mexico,35111214,1112,0.8560000061988831
2003-01-08,1,35,New Mexico,35111221,1112,1.0049999952316284
2003-01-08,1,35,New Mexico,35111221,1112,1.0329999923706055
2000-06-02,1,35,New Mexico,35111213,1112,0.8270000219345093
2000-06-02,1,35,New Mexico,35111213,1112,0.8140000104904175
2000-10-19,1,35,New Mexico,35111214,1112,0.8640000224113464
2001-05-04,1,35,New Mexico,35111216,1112,0.8859999775886536
2001-02-05,1,35,New Mexico,35111215,1112,0.8579999804496765
2001-05-04,1,35,New Mexico,35111216,1112,0.8669999837875366
2001-07-19,1,35,New Mexico,35111217,1112,0.8799999952316284
2001-05-04,1,35,New Mexico,35111216,1112,0.8730000257492065
2004-06-07,1,35,New Mexico,35111223,1112,1.1920000314712524
2004-06-07,1,35,New Mexico,35111223,1112,1.1660000085830688
1999-12-14,1,37,North Carolina,37103011,1030,1.1749999523162842
1999-12-14,1,37,North Carolina,37103011,1030,1.1779999732971191
1999-12-14,1,37,North Carolina,37103011,1030,1.1490000486373901
1999-12-14,1,37,North Carolina,37103011,1030,1.1820000410079956
1990-01-30,1,37,North Carolina,37103002,1030,1.0789999961853027
1995-12-15,1,37,North Carolina,37103008,1030,1.159000039100647
1990-01-30,1,37,North Carolina,37103002,1030,1.1139999628067017
1994-12-17,1,37,North Carolina,37103007,1030,1.1150000095367432
1994-12-17,1,37,North Carolina,37103007,1030,1.1030000448226929
1992-06-03,1,37,North Carolina,37103005,1030,1.00600004196167
1990-12-09,1,37,North Carolina,37103003,1030,1.1100000143051147
1990-01-30,1,37,North Carolina,37103002,1030,1.0950000286102295
1992-06-03,1,37,North Carolina,37103005,1030,1.0149999856948853
1995-12-15,1,37,North Carolina,37103008,1030,1.1330000162124634
1989-12-11,1,37,North Carolina,37103001,1030,1.0449999570846558
1991-03-08,1,37,North Carolina,37103004,1030,1.1059999465942383
1993-04-21,1,37,North Carolina,37103006,1030,1.069000005722046
1994-12-17,1,37,North Carolina,37103007,1030,1.1019999980926514
1990-12-09,1,37,North Carolina,37103003,1030,1.1260000467300415
1990-12-09,1,37,North Carolina,37103003,1030,1.090999960899353
1989-12-11,1,37,North Carolina,37103001,1030,1.0679999589920044
1995-12-15,1,37,North Carolina,37103008,1030,1.1610000133514404
1999-12-14,1,37,North Carolina,37103011,1030,1.1649999618530273
1992-06-03,1,37,North Carolina,37103005,1030,0.9739999771118164
1989-12-11,1,37,North Carolina,37103001,1030,1.0490000247955322
1995-12-15,1,37,North Carolina,37103008,1030,1.159000039100647
1992-06-03,1,37,North Carolina,37103005,1030,1.0
1990-12-09,1,37,North Carolina,37103003,1030,1.1180000305175781
1991-03-08,1,37,North Carolina,37103004,1030,1.0880000591278076
1993-04-21,1,37,North Carolina,37103006,1030,1.0700000524520874
1993-04-21,1,37,North Carolina,37103006,1030,1.0410000085830688
1993-04-21,1,37,North Carolina,37103006,1030,1.0640000104904175
1991-03-08,1,37,North Carolina,37103004,1030,1.1200000047683716
1991-03-08,1,37,North Carolina,37103004,1030,1.0950000286102295
1990-01-30,1,37,North Carolina,37103002,1030,1.0800000429153442
1994-12-17,1,37,North Carolina,37103007,1030,1.1169999837875366
1989-12-11,1,37,North Carolina,37103001,1030,1.0499999523162842
1990-01-30,1,37,North Carolina,37103002,1030,1.097000002861023
1990-12-09,1,37,North Carolina,37103003,1030,1.1180000305175781
1991-03-08,1,37,North Carolina,37103004,1030,1.1119999885559082
1992-06-03,1,37,North Carolina,37103005,1030,1.003000020980835
1993-04-21,1,37,North Carolina,37103006,1030,1.0679999589920044
1994-12-17,1,37,North Carolina,37103007,1030,1.1050000190734863
1995-12-15,1,37,North Carolina,37103008,1030,1.1610000133514404
1989-12-11,1,37,North Carolina,37103001,1030,1.0119999647140503
1997-10-01,1,37,North Carolina,37103009,1030,1.1629999876022339
1997-10-01,1,37,North Carolina,37103009,1030,1.190999984741211
1997-10-01,1,37,North Carolina,37103009,1030,1.1979999542236328
1997-10-01,1,37,North Carolina,37103009,1030,1.1770000457763672
1997-10-01,1,37,North Carolina,37103009,1030,1.2070000171661377
2000-08-31,1,37,North Carolina,37103012,1030,1.125
1998-07-26,1,37,North Carolina,37103010,1030,1.152999997138977
1998-07-26,1,37,North Carolina,37103010,1030,1.187000036239624
2000-08-31,1,37,North Carolina,37103012,1030,1.1480000019073486
2000-08-31,1,37,North Carolina,37103012,1030,1.1640000343322754
1998-07-26,1,37,North Carolina,37103010,1030,1.1640000343322754
1998-07-26,1,37,North Carolina,37103010,1030,1.1579999923706055
1998-07-26,1,37,North Carolina,37103010,1030,1.156000018119812
2000-08-31,1,37,North Carolina,37103012,1030,1.1430000066757202
2000-08-31,1,37,North Carolina,37103012,1030,1.1699999570846558
1990-09-06,1,40,Oklahoma,40101501,1015,1.5110000371932983
1991-08-27,1,40,Oklahoma,40416502,4165,2.069000005722046
1993-09-21,1,40,Oklahoma,40416503,4165,2.009999990463257
1991-08-27,1,40,Oklahoma,40416502,4165,2.0789999961853027
1994-04-19,1,40,Oklahoma,40416504,4165,2.0369999408721924
1995-01-12,1,40,Oklahoma,40416507,4165,1.9529999494552612
1993-03-23,1,40,Oklahoma,40101503,1015,1.6050000190734863
1995-01-12,1,40,Oklahoma,40416507,4165,1.9459999799728394
1994-10-18,1,40,Oklahoma,40416506,4165,2.007999897003174
1995-06-21,1,40,Oklahoma,40416509,4165,1.9919999837875366
1994-10-18,1,40,Oklahoma,40416506,4165,1.9839999675750732
1994-07-11,1,40,Oklahoma,40416505,4165,2.0290000438690186
1995-01-12,1,40,Oklahoma,40416507,4165,1.937000036239624
1995-04-14,1,40,Oklahoma,40416508,4165,1.965000033378601
1993-09-21,1,40,Oklahoma,40416503,4165,2.007999897003174
1994-04-19,1,40,Oklahoma,40416504,4165,2.072000026702881
1993-03-23,1,40,Oklahoma,40101503,1015,1.6019999980926514
1990-10-02,1,40,Oklahoma,40416501,4165,2.006999969482422
1991-08-30,1,40,Oklahoma,40101702,1017,1.5219999551773071
1993-09-16,1,40,Oklahoma,40101703,1017,1.5540000200271606
1991-01-25,1,40,Oklahoma,40101701,1017,1.3450000286102295
1994-07-11,1,40,Oklahoma,40416505,4165,2.0490000247955322
1991-08-30,1,40,Oklahoma,40101702,1017,1.5019999742507935
1995-04-04,1,40,Oklahoma,40101704,1017,1.5460000038146973
1993-09-21,1,40,Oklahoma,40416503,4165,2.0260000228881836
1995-06-21,1,40,Oklahoma,40416509,4165,2.000999927520752
1994-04-19,1,40,Oklahoma,40416504,4165,2.0769999027252197
1995-01-12,1,40,Oklahoma,40416507,4165,1.968000054359436
1990-09-06,1,40,Oklahoma,40101501,1015,1.5149999856948853
1993-09-16,1,40,Oklahoma,40101703,1017,1.5729999542236328
1995-03-31,1,40,Oklahoma,40101504,1015,1.4470000267028809
1991-01-25,1,40,Oklahoma,40101701,1017,1.3450000286102295
1991-01-25,1,40,Oklahoma,40101701,1017,1.3949999809265137
1991-01-11,1,40,Oklahoma,40101502,1015,1.5889999866485596
1995-01-12,1,40,Oklahoma,40416507,4165,1.9639999866485596
1991-08-27,1,40,Oklahoma,40416502,4165,2.065999984741211
1994-04-19,1,40,Oklahoma,40416504,4165,1.9889999628067017
1995-04-14,1,40,Oklahoma,40416508,4165,1.9930000305175781
1990-10-02,1,40,Oklahoma,40416501,4165,2.0139999389648438
1991-08-30,1,40,Oklahoma,40101702,1017,1.4869999885559082
1994-07-11,1,40,Oklahoma,40416505,4165,2.0429999828338623
1991-08-27,1,40,Oklahoma,40416502,4165,2.072000026702881
1994-04-19,1,40,Oklahoma,40416504,4165,2.0880000591278076
1994-07-11,1,40,Oklahoma,40416505,4165,2.0329999923706055
1995-04-04,1,40,Oklahoma,40101704,1017,1.5329999923706055
1993-09-16,1,40,Oklahoma,40101703,1017,1.5700000524520874
1993-03-23,1,40,Oklahoma,40101503,1015,1.569000005722046
1991-08-30,1,40,Oklahoma,40101702,1017,1.4889999628067017
1990-09-06,1,40,Oklahoma,40101501,1015,1.5140000581741333
1991-01-11,1,40,Oklahoma,40101502,1015,1.5950000286102295
1990-09-06,1,40,Oklahoma,40101501,1015,1.5199999809265137
1993-09-16,1,40,Oklahoma,40101703,1017,1.597000002861023
1995-04-04,1,40,Oklahoma,40101704,1017,1.5470000505447388
1994-07-11,1,40,Oklahoma,40416505,4165,2.0339999198913574
1994-10-18,1,40,Oklahoma,40416506,4165,1.996000051498413
1995-04-04,1,40,Oklahoma,40101704,1017,1.5640000104904175
1995-03-31,1,40,Oklahoma,40101504,1015,1.430999994277954
1993-03-23,1,40,Oklahoma,40101503,1015,1.5740000009536743
1991-08-30,1,40,Oklahoma,40101702,1017,1.4859999418258667
1995-04-14,1,40,Oklahoma,40416508,4165,1.9780000448226929
1990-10-02,1,40,Oklahoma,40416501,4165,2.01200008392334
1991-01-25,1,40,Oklahoma,40101701,1017,1.3839999437332153
1995-04-04,1,40,Oklahoma,40101704,1017,1.5859999656677246
1991-01-25,1,40,Oklahoma,40101701,1017,1.3350000381469727
1993-03-23,1,40,Oklahoma,40101503,1015,1.593999981880188
1993-09-16,1,40,Oklahoma,40101703,1017,1.559999942779541
1995-03-31,1,40,Oklahoma,40101504,1015,1.4290000200271606
1993-09-21,1,40,Oklahoma,40416503,4165,1.9830000400543213
1991-08-27,1,40,Oklahoma,40416502,4165,2.1040000915527344
1995-06-21,1,40,Oklahoma,40416509,4165,1.9910000562667847
1994-10-18,1,40,Oklahoma,40416506,4165,1.975000023841858
1990-09-06,1,40,Oklahoma,40101501,1015,1.5089999437332153
1991-01-11,1,40,Oklahoma,40101502,1015,1.597000002861023
1991-01-11,1,40,Oklahoma,40101502,1015,1.5759999752044678
1995-03-31,1,40,Oklahoma,40101504,1015,1.4240000247955322
1990-10-02,1,40,Oklahoma,40416501,4165,2.0350000858306885
1993-09-21,1,40,Oklahoma,40416503,4165,2.000999927520752
1991-01-11,1,40,Oklahoma,40101502,1015,1.562000036239624
1995-03-31,1,40,Oklahoma,40101504,1015,1.5180000066757202
1995-06-21,1,40,Oklahoma,40416509,4165,1.9839999675750732
1995-04-14,1,40,Oklahoma,40416508,4165,1.9880000352859497
1994-10-18,1,40,Oklahoma,40416506,4165,2.002000093460083
1995-04-14,1,40,Oklahoma,40416508,4165,1.9830000400543213
1990-10-02,1,40,Oklahoma,40416501,4165,1.996999979019165
1995-06-21,1,40,Oklahoma,40416509,4165,1.9809999465942383
2003-11-18,1,40,Oklahoma,40416519,4165,2.5339999198913574
2003-03-15,1,40,Oklahoma,40416517,4165,2.3970000743865967
2003-01-14,1,40,Oklahoma,40416516,4165,2.3510000705718994
2003-03-15,1,40,Oklahoma,40416517,4165,2.3359999656677246
2003-03-15,1,40,Oklahoma,40416517,4165,2.427000045776367
2003-11-18,1,40,Oklahoma,40416519,4165,2.575000047683716
2003-11-18,1,40,Oklahoma,40416519,4165,2.5420000553131104
2003-01-14,1,40,Oklahoma,40416516,4165,2.4210000038146973
2003-01-14,1,40,Oklahoma,40416516,4165,2.377000093460083
2003-03-15,1,40,Oklahoma,40416517,4165,2.375
2003-06-12,1,40,Oklahoma,40416518,4165,2.568000078201294
2003-06-12,1,40,Oklahoma,40416518,4165,2.500999927520752
2003-01-14,1,40,Oklahoma,40416516,4165,2.4100000858306885
2003-01-14,1,40,Oklahoma,40416516,4165,2.364000082015991
2003-06-12,1,40,Oklahoma,40416518,4165,2.5199999809265137
2002-02-14,1,40,Oklahoma,40416515,4165,2.11299991607666
2003-06-12,1,40,Oklahoma,40416518,4165,2.549999952316284
2003-03-15,1,40,Oklahoma,40416517,4165,2.4049999713897705
2003-11-18,1,40,Oklahoma,40416519,4165,2.5139999389648438
2002-02-14,1,40,Oklahoma,40416515,4165,2.121000051498413
1997-10-07,1,40,Oklahoma,40416513,4165,2.1080000400543213
1999-11-08,1,40,Oklahoma,40416514,4165,2.0969998836517334
1998-06-23,1,40,Oklahoma,40101505,1015,1.694000005722046
1997-01-13,1,40,Oklahoma,40416510,4165,1.937999963760376
1997-01-13,1,40,Oklahoma,40416510,4165,1.9470000267028809
1997-04-06,1,40,Oklahoma,40416511,4165,1.9170000553131104
1997-08-23,1,40,Oklahoma,40416512,4165,2.1419999599456787
1997-10-07,1,40,Oklahoma,40416513,4165,2.115999937057495
1999-11-08,1,40,Oklahoma,40416514,4165,2.1050000190734863
1997-04-06,1,40,Oklahoma,40416511,4165,1.9329999685287476
1997-08-23,1,40,Oklahoma,40416512,4165,2.134999990463257
1997-10-07,1,40,Oklahoma,40416513,4165,2.138000011444092
1997-04-06,1,40,Oklahoma,40416511,4165,1.9450000524520874
2002-02-14,1,40,Oklahoma,40416515,4165,2.132999897003174
2003-11-18,1,40,Oklahoma,40416519,4165,2.5360000133514404
2003-06-12,1,40,Oklahoma,40416518,4165,2.489000082015991
2002-02-14,1,40,Oklahoma,40416515,4165,2.1500000953674316
1999-11-08,1,40,Oklahoma,40416514,4165,2.066999912261963
1997-08-23,1,40,Oklahoma,40416512,4165,2.1459999084472656
1997-04-06,1,40,Oklahoma,40416511,4165,1.9320000410079956
1997-01-13,1,40,Oklahoma,40416510,4165,1.9279999732971191
1998-06-23,1,40,Oklahoma,40101505,1015,1.6629999876022339
1998-06-23,1,40,Oklahoma,40101505,1015,1.7949999570846558
1997-10-07,1,40,Oklahoma,40416513,4165,2.130000114440918
1997-10-07,1,40,Oklahoma,40416513,4165,2.13100004196167
1999-11-08,1,40,Oklahoma,40416514,4165,2.1050000190734863
1997-08-23,1,40,Oklahoma,40416512,4165,2.134999990463257
1997-01-13,1,40,Oklahoma,40416510,4165,1.9479999542236328
1999-11-08,1,40,Oklahoma,40416514,4165,2.0969998836517334
1997-04-06,1,40,Oklahoma,40416511,4165,1.934999942779541
1998-06-23,1,40,Oklahoma,40101505,1015,1.7489999532699585
1997-01-13,1,40,Oklahoma,40416510,4165,1.968999981880188
1997-08-23,1,40,Oklahoma,40416512,4165,2.140000104904175
1998-06-23,1,40,Oklahoma,40101505,1015,1.7760000228881836
2002-02-14,1,40,Oklahoma,40416515,4165,2.1579999923706055
2005-03-02,1,40,Oklahoma,40416520,4165,2.7679998874664307
2005-03-02,1,40,Oklahoma,40416520,4165,2.7790000438690186
2005-03-02,1,40,Oklahoma,40416520,4165,2.7790000438690186
2005-03-02,1,40,Oklahoma,40416520,4165,2.7929999828338623
2005-03-02,1,40,Oklahoma,40416520,4165,2.7909998893737793
1990-08-02,1,45,South Carolina,45100801,1008,1.430999994277954
1990-08-02,1,45,South Carolina,45100801,1008,1.4129999876022339
1992-05-21,1,45,South Carolina,45100802,1008,1.628999948501587
1990-08-02,1,45,South Carolina,45100801,1008,1.4140000343322754
1992-05-21,1,45,South Carolina,45100802,1008,1.6339999437332153
1990-08-02,1,45,South Carolina,45100801,1008,1.3949999809265137
1992-05-21,1,45,South Carolina,45100802,1008,1.656999945640564
1992-05-21,1,45,South Carolina,45100802,1008,1.6319999694824219
1992-05-21,1,45,South Carolina,45100802,1008,1.6139999628067017
1990-08-02,1,45,South Carolina,45100801,1008,1.4390000104904175
1996-04-30,1,47,Tennessee,47307505,3075,1.8559999465942383
1991-06-17,1,47,Tennessee,47307502,3075,1.8569999933242798
1994-06-09,1,47,Tennessee,47307504,3075,2.0380001068115234
1990-05-16,1,47,Tennessee,47307501,3075,1.8489999771118164
1990-05-16,1,47,Tennessee,47307501,3075,1.8480000495910645
1991-06-17,1,47,Tennessee,47307502,3075,1.8619999885559082
1992-08-27,1,47,Tennessee,47307503,3075,1.7999999523162842
1996-04-30,1,47,Tennessee,47307505,3075,1.8730000257492065
1996-04-30,1,47,Tennessee,47307505,3075,1.8700000047683716
1992-08-27,1,47,Tennessee,47307503,3075,1.7970000505447388
1994-06-09,1,47,Tennessee,47307504,3075,2.065000057220459
1990-05-16,1,47,Tennessee,47307501,3075,1.8630000352859497
1992-08-27,1,47,Tennessee,47307503,3075,1.753000020980835
1996-04-30,1,47,Tennessee,47307505,3075,1.8819999694824219
1991-06-17,1,47,Tennessee,47307502,3075,1.875
1994-06-09,1,47,Tennessee,47307504,3075,2.0490000247955322
1990-05-16,1,47,Tennessee,47307501,3075,1.847000002861023
1991-06-17,1,47,Tennessee,47307502,3075,1.8459999561309814
1994-06-09,1,47,Tennessee,47307504,3075,2.0420000553131104
1994-06-09,1,47,Tennessee,47307504,3075,2.072999954223633
1990-05-16,1,47,Tennessee,47307501,3075,1.843999981880188
1992-08-27,1,47,Tennessee,47307503,3075,1.8029999732971191
1992-08-27,1,47,Tennessee,47307503,3075,1.8009999990463257
1991-06-17,1,47,Tennessee,47307502,3075,1.8530000448226929
1996-04-30,1,47,Tennessee,47307505,3075,1.8600000143051147
2002-03-27,1,47,Tennessee,47307507,3075,1.8559999465942383
2002-03-27,1,47,Tennessee,47307507,3075,1.840999960899353
1999-07-13,1,47,Tennessee,47307506,3075,1.8630000352859497
2002-03-27,1,47,Tennessee,47307507,3075,1.8480000495910645
2002-03-27,1,47,Tennessee,47307507,3075,1.909999966621399
2002-03-27,1,47,Tennessee,47307507,3075,1.8799999952316284
1999-07-13,1,47,Tennessee,47307506,3075,1.8769999742507935
1999-07-13,1,47,Tennessee,47307506,3075,1.871999979019165
1999-07-13,1,47,Tennessee,47307506,3075,1.8660000562667847
1999-07-13,1,47,Tennessee,47307506,3075,1.871000051498413
1990-10-23,1,48,Texas,48360901,3609,2.2960000038146973
1990-10-23,1,48,Texas,48360901,3609,2.3389999866485596
1992-11-04,1,48,Texas,48355903,3559,0.8529999852180481
1994-11-02,1,48,Texas,48355904,3559,1.0859999656677246
1991-11-08,1,48,Texas,48360902,3609,2.36299991607666
1991-03-27,1,48,Texas,48355902,3559,0.875
1990-03-15,1,48,Texas,48355901,3559,0.8529999852180481
1990-03-15,1,48,Texas,48355901,3559,0.8629999756813049
1992-11-04,1,48,Texas,48355903,3559,0.8339999914169312
1994-10-25,1,48,Texas,48106007,1060,1.3980000019073486
1993-05-28,1,48,Texas,48104904,1049,1.2910000085830688
1994-04-22,1,48,Texas,48106005,1060,1.3839999437332153
1995-04-20,1,48,Texas,48106009,1060,1.4420000314712524
1994-10-25,1,48,Texas,48106007,1060,1.409000039100647
1992-11-04,1,48,Texas,48355903,3559,0.8569999933242798
1991-03-27,1,48,Texas,48355902,3559,0.8629999756813049
1994-11-02,1,48,Texas,48355904,3559,1.0829999446868896
1990-03-15,1,48,Texas,48355901,3559,0.8880000114440918
1991-03-27,1,48,Texas,48355902,3559,0.8730000257492065
1991-11-08,1,48,Texas,48360902,3609,2.3440001010894775
1991-04-22,1,48,Texas,48106002,1060,1.2619999647140503
1993-05-28,1,48,Texas,48104903,1049,1.3200000524520874
1995-02-20,1,48,Texas,48104905,1049,1.6039999723434448
1993-07-23,1,48,Texas,48106003,1060,1.3109999895095825
1996-03-15,1,48,Texas,48104906,1049,2.6589999198913574
1993-07-23,1,48,Texas,48106003,1060,1.3229999542236328
1993-07-23,1,48,Texas,48106003,1060,1.2869999408721924
1995-01-19,1,48,Texas,48106008,1060,1.4320000410079956
1994-10-25,1,48,Texas,48106007,1060,1.399999976158142
1990-04-20,1,48,Texas,48104901,1049,1.125
1995-06-27,1,48,Texas,48106010,1060,1.4429999589920044
1993-12-15,1,48,Texas,48106004,1060,1.3680000305175781
1992-01-23,1,48,Texas,48104902,1049,1.3020000457763672
1994-10-25,1,48,Texas,48106007,1060,1.3940000534057617
1995-04-20,1,48,Texas,48106009,1060,1.4470000267028809
1993-12-15,1,48,Texas,48106004,1060,1.371000051498413
1990-10-23,1,48,Texas,48360901,3609,2.321000099182129
1990-10-23,1,48,Texas,48360901,3609,2.3340001106262207
1991-11-08,1,48,Texas,48360902,3609,2.312000036239624
1996-03-15,1,48,Texas,48104906,1049,2.5959999561309814
1990-04-20,1,48,Texas,48104901,1049,1.1239999532699585
1993-07-23,1,48,Texas,48106003,1060,1.3289999961853027
1992-01-23,1,48,Texas,48104902,1049,1.2710000276565552
1995-06-27,1,48,Texas,48106010,1060,1.430999994277954
1993-05-28,1,48,Texas,48104903,1049,1.4709999561309814
1996-03-15,1,48,Texas,48104906,1049,2.6540000438690186
1994-07-14,1,48,Texas,48106006,1060,1.3569999933242798
1990-04-20,1,48,Texas,48104901,1049,1.11899995803833
1992-01-23,1,48,Texas,48104902,1049,1.246000051498413
1993-05-28,1,48,Texas,48104903,1049,1.3489999771118164
1995-02-20,1,48,Texas,48104905,1049,1.4199999570846558
1996-03-15,1,48,Texas,48104906,1049,2.5840001106262207
1995-06-27,1,48,Texas,48106010,1060,1.4220000505447388
1994-04-22,1,48,Texas,48106005,1060,1.3559999465942383
1990-04-03,1,48,Texas,48106001,1060,1.2400000095367432
1991-11-08,1,48,Texas,48360902,3609,2.3510000705718994
1990-10-23,1,48,Texas,48360901,3609,2.318000078201294
1994-07-14,1,48,Texas,48106006,1060,1.347000002861023
1995-06-27,1,48,Texas,48106010,1060,1.4529999494552612
1994-04-22,1,48,Texas,48106005,1060,1.3769999742507935
1994-07-14,1,48,Texas,48106006,1060,1.340000033378601
1990-04-03,1,48,Texas,48106001,1060,1.2519999742507935
1994-10-25,1,48,Texas,48106007,1060,1.409000039100647
1995-01-19,1,48,Texas,48106008,1060,1.440000057220459
1995-01-19,1,48,Texas,48106008,1060,1.4160000085830688
1995-04-20,1,48,Texas,48106009,1060,1.4220000505447388
1993-12-15,1,48,Texas,48106004,1060,1.3609999418258667
1990-03-15,1,48,Texas,48355901,3559,0.9010000228881836
1992-11-04,1,48,Texas,48355903,3559,0.8450000286102295
1991-04-22,1,48,Texas,48106002,1060,1.2719999551773071
1993-12-15,1,48,Texas,48106004,1060,1.3509999513626099
1994-04-22,1,48,Texas,48106005,1060,1.3459999561309814
1990-04-03,1,48,Texas,48106001,1060,1.2510000467300415
1995-06-27,1,48,Texas,48106010,1060,1.3960000276565552
1992-01-23,1,48,Texas,48104902,1049,1.2610000371932983
1995-02-20,1,48,Texas,48104905,1049,1.4259999990463257
1990-04-20,1,48,Texas,48104901,1049,1.1069999933242798
1995-04-20,1,48,Texas,48106009,1060,1.4160000085830688
1991-03-27,1,48,Texas,48355902,3559,0.8669999837875366
1995-02-20,1,48,Texas,48104905,1049,1.3279999494552612
1994-07-14,1,48,Texas,48106006,1060,1.3539999723434448
1991-03-27,1,48,Texas,48355902,3559,0.8659999966621399
1990-04-03,1,48,Texas,48106001,1060,1.2350000143051147
1991-04-22,1,48,Texas,48106002,1060,1.2599999904632568
1993-12-15,1,48,Texas,48106004,1060,1.3650000095367432
1994-04-22,1,48,Texas,48106005,1060,1.36899995803833
1992-11-04,1,48,Texas,48355903,3559,0.8450000286102295
1994-07-14,1,48,Texas,48106006,1060,1.3630000352859497
1991-04-22,1,48,Texas,48106002,1060,1.2589999437332153
1990-04-20,1,48,Texas,48104901,1049,1.0729999542236328
1990-04-03,1,48,Texas,48106001,1060,1.2519999742507935
1992-01-23,1,48,Texas,48104902,1049,1.2630000114440918
1991-04-22,1,48,Texas,48106002,1060,1.2829999923706055
1993-05-28,1,48,Texas,48104904,1049,1.3289999961853027
1995-02-20,1,48,Texas,48104905,1049,1.444000005722046
1993-07-23,1,48,Texas,48106003,1060,1.347000002861023
1996-03-15,1,48,Texas,48104906,1049,2.63700008392334
1995-01-19,1,48,Texas,48106008,1060,1.4210000038146973
1995-01-19,1,48,Texas,48106008,1060,1.4170000553131104
1990-03-15,1,48,Texas,48355901,3559,0.8799999952316284
1995-04-20,1,48,Texas,48106009,1060,1.440000057220459
1991-11-08,1,48,Texas,48360902,3609,2.313999891281128
1997-08-19,1,48,Texas,48106013,1060,1.7170000076293945
1997-06-09,1,48,Texas,48355905,3559,0.8920000195503235
1997-01-06,1,48,Texas,48106011,1060,1.5470000505447388
1997-08-19,1,48,Texas,48106013,1060,1.6660000085830688
1997-01-06,1,48,Texas,48106011,1060,1.5820000171661377
1998-03-26,1,48,Texas,48355906,3559,0.9179999828338623
1999-01-04,1,48,Texas,48106015,1060,1.7289999723434448
1997-06-09,1,48,Texas,48355905,3559,0.9169999957084656
1998-03-26,1,48,Texas,48355906,3559,0.9079999923706055
1997-10-01,1,48,Texas,48106014,1060,1.6890000104904175
1997-10-01,1,48,Texas,48106014,1060,1.6779999732971191
1997-10-01,1,48,Texas,48106014,1060,1.6670000553131104
1997-04-09,1,48,Texas,48106012,1060,1.7569999694824219
1997-01-06,1,48,Texas,48106011,1060,1.5520000457763672
1997-10-01,1,48,Texas,48106014,1060,1.6399999856948853
1997-06-09,1,48,Texas,48355905,3559,0.9210000038146973
1997-04-09,1,48,Texas,48106012,1060,1.7200000286102295
1997-08-19,1,48,Texas,48106013,1060,1.7139999866485596
1997-01-06,1,48,Texas,48106011,1060,1.593000054359436
1997-01-06,1,48,Texas,48106011,1060,1.5750000476837158
1997-06-09,1,48,Texas,48355905,3559,0.9200000166893005
1997-04-09,1,48,Texas,48106012,1060,1.7549999952316284
1999-01-04,1,48,Texas,48106015,1060,1.718000054359436
1997-08-19,1,48,Texas,48106013,1060,1.687000036239624
1998-03-26,1,48,Texas,48355906,3559,0.8949999809265137
1997-10-01,1,48,Texas,48106014,1060,1.7020000219345093
1997-04-09,1,48,Texas,48106012,1060,1.7059999704360962
1999-01-04,1,48,Texas,48106015,1060,1.7209999561309814
1999-01-04,1,48,Texas,48106015,1060,1.7280000448226929
1999-01-04,1,48,Texas,48106015,1060,1.718000054359436
1997-06-09,1,48,Texas,48355905,3559,0.9120000004768372
1997-08-19,1,48,Texas,48106013,1060,1.7330000400543213
1998-03-26,1,48,Texas,48355906,3559,0.9160000085830688
1997-04-09,1,48,Texas,48106012,1060,1.7450000047683716
1998-03-26,1,48,Texas,48355906,3559,0.8949999809265137
1994-02-18,1,50,Vermont,50100205,1002,1.4140000343322754
1992-07-23,1,50,Vermont,50100204,1002,1.1150000095367432
1991-05-09,1,50,Vermont,50100203,1002,1.0770000219345093
1991-05-09,1,50,Vermont,50100203,1002,1.0720000267028809
1990-06-07,1,50,Vermont,50100202,1002,1.2280000448226929
1994-10-23,1,50,Vermont,50100208,1002,1.1950000524520874
1989-10-22,1,50,Vermont,50100201,1002,1.2829999923706055
1991-05-09,1,50,Vermont,50100203,1002,1.0750000476837158
1989-10-22,1,50,Vermont,50100201,1002,1.218000054359436
1990-06-07,1,50,Vermont,50100202,1002,1.2100000381469727
1994-04-12,1,50,Vermont,50100206,1002,1.1540000438690186
1992-07-23,1,50,Vermont,50100204,1002,1.1130000352859497
1994-07-25,1,50,Vermont,50100207,1002,1.3220000267028809
1994-02-18,1,50,Vermont,50100205,1002,1.3899999856948853
1990-06-07,1,50,Vermont,50100202,1002,1.246000051498413
1994-04-12,1,50,Vermont,50100206,1002,1.1380000114440918
1990-06-07,1,50,Vermont,50100202,1002,1.2200000286102295
1989-10-22,1,50,Vermont,50100201,1002,1.2289999723434448
1992-07-23,1,50,Vermont,50100204,1002,1.121999979019165
1994-02-18,1,50,Vermont,50100205,1002,1.3869999647140503
1994-04-12,1,50,Vermont,50100206,1002,1.156999945640564
1990-06-07,1,50,Vermont,50100202,1002,1.2070000171661377
1994-04-12,1,50,Vermont,50100206,1002,1.1480000019073486
1991-05-09,1,50,Vermont,50100203,1002,1.0779999494552612
1992-07-23,1,50,Vermont,50100204,1002,1.1109999418258667
1994-07-25,1,50,Vermont,50100207,1002,1.3029999732971191
1994-02-18,1,50,Vermont,50100205,1002,1.3930000066757202
1991-05-09,1,50,Vermont,50100203,1002,1.065999984741211
1989-10-22,1,50,Vermont,50100201,1002,1.2020000219345093
1992-07-23,1,50,Vermont,50100204,1002,1.1180000305175781
1994-07-25,1,50,Vermont,50100207,1002,1.3020000457763672
1989-10-22,1,50,Vermont,50100201,1002,1.2200000286102295
1994-10-23,1,50,Vermont,50100208,1002,1.2000000476837158
1999-07-13,1,50,Vermont,50100220,1002,1.4279999732971191
1995-07-22,1,50,Vermont,50100212,1002,1.2200000286102295
1995-02-21,1,50,Vermont,50100210,1002,1.4420000314712524
1995-05-18,1,50,Vermont,50100211,1002,1.194000005722046
1995-07-22,1,50,Vermont,50100212,1002,1.2259999513626099
1994-10-23,1,50,Vermont,50100208,1002,1.1859999895095825
1999-07-13,1,50,Vermont,50100220,1002,1.4390000104904175
1995-01-06,1,50,Vermont,50100209,1002,1.2450000047683716
1994-02-18,1,50,Vermont,50100205,1002,1.4129999876022339
1994-04-12,1,50,Vermont,50100206,1002,1.156000018119812
1994-10-23,1,50,Vermont,50100208,1002,1.1790000200271606
1994-07-25,1,50,Vermont,50100207,1002,1.2860000133514404
1995-01-06,1,50,Vermont,50100209,1002,1.2369999885559082
1994-07-25,1,50,Vermont,50100207,1002,1.3339999914169312
1995-02-21,1,50,Vermont,50100210,1002,1.4359999895095825
1995-05-18,1,50,Vermont,50100211,1002,1.1519999504089355
1995-05-18,1,50,Vermont,50100211,1002,1.184999942779541
1995-07-22,1,50,Vermont,50100212,1002,1.2200000286102295
1995-02-21,1,50,Vermont,50100210,1002,1.4709999561309814
1995-05-18,1,50,Vermont,50100211,1002,1.1890000104904175
1995-07-22,1,50,Vermont,50100212,1002,1.2039999961853027
1995-01-06,1,50,Vermont,50100209,1002,1.2619999647140503
1999-07-13,1,50,Vermont,50100220,1002,1.4019999504089355
1995-02-21,1,50,Vermont,50100210,1002,1.4620000123977661
1995-05-18,1,50,Vermont,50100211,1002,1.159999966621399
1995-07-22,1,50,Vermont,50100212,1002,1.2120000123977661
1995-01-06,1,50,Vermont,50100209,1002,1.2519999742507935
1995-02-21,1,50,Vermont,50100210,1002,1.4759999513626099
1994-10-23,1,50,Vermont,50100208,1002,1.2239999771118164
1995-01-06,1,50,Vermont,50100209,1002,1.2369999885559082
1999-07-13,1,50,Vermont,50100220,1002,1.4160000085830688
1999-07-13,1,50,Vermont,50100220,1002,1.3949999809265137
1997-02-18,1,50,Vermont,50100215,1002,1.559999942779541
1997-01-15,1,50,Vermont,50100214,1002,1.2790000438690186
1997-10-23,1,50,Vermont,50100218,1002,1.253999948501587
1997-04-07,1,50,Vermont,50100216,1002,1.1770000457763672
1997-07-10,1,50,Vermont,50100217,1002,1.2899999618530273
1997-02-18,1,50,Vermont,50100215,1002,1.5379999876022339
1997-10-23,1,50,Vermont,50100218,1002,1.2480000257492065
1997-01-15,1,50,Vermont,50100214,1002,1.2719999551773071
1997-02-18,1,50,Vermont,50100215,1002,1.503999948501587
1997-10-23,1,50,Vermont,50100218,1002,1.25
1997-07-10,1,50,Vermont,50100217,1002,1.2890000343322754
1997-07-10,1,50,Vermont,50100217,1002,1.2799999713897705
1996-11-07,1,50,Vermont,50100213,1002,1.2300000190734863
1996-11-07,1,50,Vermont,50100213,1002,1.2330000400543213
2003-10-28,1,50,Vermont,50100239,1002,1.472000002861023
2003-06-26,1,50,Vermont,50100238,1002,1.5110000371932983
2002-11-07,1,50,Vermont,50100235,1002,1.4780000448226929
2003-06-26,1,50,Vermont,50100238,1002,1.5210000276565552
2003-01-03,1,50,Vermont,50100236,1002,1.503000020980835
2001-08-09,1,50,Vermont,50100229,1002,1.4210000038146973
2001-08-09,1,50,Vermont,50100229,1002,1.4049999713897705
2002-08-08,1,50,Vermont,50100234,1002,1.4830000400543213
2002-11-07,1,50,Vermont,50100235,1002,1.4630000591278076
2002-11-07,1,50,Vermont,50100235,1002,1.4910000562667847
2003-06-26,1,50,Vermont,50100238,1002,1.5089999437332153
2003-06-26,1,50,Vermont,50100238,1002,1.5290000438690186
2003-01-03,1,50,Vermont,50100236,1002,1.4190000295639038
2001-11-14,1,50,Vermont,50100230,1002,1.4579999446868896
2002-02-07,1,50,Vermont,50100231,1002,1.434999942779541
2000-06-07,1,50,Vermont,50100223,1002,1.3459999561309814
2000-09-28,1,50,Vermont,50100224,1002,1.343000054359436
2003-10-28,1,50,Vermont,50100239,1002,1.5420000553131104
1997-07-10,1,50,Vermont,50100217,1002,1.2960000038146973
1997-01-15,1,50,Vermont,50100214,1002,1.2450000047683716
1997-01-15,1,50,Vermont,50100214,1002,1.2669999599456787
1997-04-07,1,50,Vermont,50100216,1002,1.1410000324249268
1997-04-07,1,50,Vermont,50100216,1002,1.218000054359436
2004-04-14,1,50,Vermont,50100240,1002,1.4609999656677246
1997-04-07,1,50,Vermont,50100216,1002,1.1790000200271606
1997-10-23,1,50,Vermont,50100218,1002,1.2389999628067017
1997-02-18,1,50,Vermont,50100215,1002,1.5180000066757202
1997-01-15,1,50,Vermont,50100214,1002,1.284000039100647
1997-02-18,1,50,Vermont,50100215,1002,1.5089999437332153
1997-10-23,1,50,Vermont,50100218,1002,1.2619999647140503
1997-04-07,1,50,Vermont,50100216,1002,1.1820000410079956
2003-06-26,1,50,Vermont,50100238,1002,1.4479999542236328
2004-04-14,1,50,Vermont,50100240,1002,1.5169999599456787
2004-04-14,1,50,Vermont,50100240,1002,1.49399995803833
2004-04-14,1,50,Vermont,50100240,1002,1.5099999904632568
2004-04-14,1,50,Vermont,50100240,1002,1.5240000486373901
2003-10-28,1,50,Vermont,50100239,1002,1.5429999828338623
1997-07-10,1,50,Vermont,50100217,1002,1.2719999551773071
2003-10-28,1,50,Vermont,50100239,1002,1.4290000200271606
2003-10-28,1,50,Vermont,50100239,1002,1.4429999589920044
1996-11-07,1,50,Vermont,50100213,1002,1.2380000352859497
1996-11-07,1,50,Vermont,50100213,1002,1.225000023841858
1996-11-07,1,50,Vermont,50100213,1002,1.2400000095367432
2000-09-28,1,50,Vermont,50100224,1002,1.3359999656677246
2000-03-04,1,50,Vermont,50100222,1002,1.7480000257492065
2000-06-07,1,50,Vermont,50100223,1002,1.315000057220459
2002-02-19,1,50,Vermont,50100232,1002,1.4229999780654907
2001-06-05,1,50,Vermont,50100228,1002,1.3589999675750732
2001-06-05,1,50,Vermont,50100228,1002,1.434999942779541
2002-02-19,1,50,Vermont,50100232,1002,1.434999942779541
2003-05-08,1,50,Vermont,50100237,1002,1.4850000143051147
2001-01-11,1,50,Vermont,50100225,1002,1.7410000562667847
2001-03-20,1,50,Vermont,50100226,1002,1.4329999685287476
2001-08-09,1,50,Vermont,50100229,1002,1.4160000085830688
2001-08-09,1,50,Vermont,50100229,1002,1.437000036239624
2001-08-09,1,50,Vermont,50100229,1002,1.4450000524520874
2003-05-08,1,50,Vermont,50100237,1002,1.430999994277954
2002-11-07,1,50,Vermont,50100235,1002,1.4479999542236328
2001-01-11,1,50,Vermont,50100225,1002,1.6109999418258667
2001-01-11,1,50,Vermont,50100225,1002,1.6679999828338623
2001-03-20,1,50,Vermont,50100226,1002,1.4359999895095825
2002-02-07,1,50,Vermont,50100231,1002,1.465000033378601
2001-01-11,1,50,Vermont,50100225,1002,1.5850000381469727
2001-03-20,1,50,Vermont,50100226,1002,1.444000005722046
2001-03-20,1,50,Vermont,50100226,1002,1.4359999895095825
2000-03-04,1,50,Vermont,50100222,1002,1.7910000085830688
2000-06-07,1,50,Vermont,50100223,1002,1.3300000429153442
2000-03-04,1,50,Vermont,50100222,1002,1.7319999933242798
2001-05-08,1,50,Vermont,50100227,1002,1.465999960899353
2002-05-09,1,50,Vermont,50100233,1002,1.5260000228881836
1999-09-28,1,50,Vermont,50100221,1002,1.3049999475479126
2000-03-04,1,50,Vermont,50100222,1002,1.7280000448226929
2000-06-07,1,50,Vermont,50100223,1002,1.2589999437332153
2000-03-04,1,50,Vermont,50100222,1002,1.753000020980835
2000-06-07,1,50,Vermont,50100223,1002,1.399999976158142
2000-09-28,1,50,Vermont,50100224,1002,1.3240000009536743
2001-11-14,1,50,Vermont,50100230,1002,1.4040000438690186
2001-03-20,1,50,Vermont,50100226,1002,1.4329999685287476
2001-01-11,1,50,Vermont,50100225,1002,1.6269999742507935
1998-06-18,1,50,Vermont,50100219,1002,1.2589999437332153
2001-11-14,1,50,Vermont,50100230,1002,1.409999966621399
2002-11-07,1,50,Vermont,50100235,1002,1.4830000400543213
2003-05-08,1,50,Vermont,50100237,1002,1.4229999780654907
2003-05-08,1,50,Vermont,50100237,1002,1.4609999656677246
2001-11-14,1,50,Vermont,50100230,1002,1.3639999628067017
2002-02-19,1,50,Vermont,50100232,1002,1.444000005722046
2002-05-09,1,50,Vermont,50100233,1002,1.468999981880188
2002-05-09,1,50,Vermont,50100233,1002,1.4839999675750732
2002-05-09,1,50,Vermont,50100233,1002,1.4249999523162842
1998-06-18,1,50,Vermont,50100219,1002,1.3070000410079956
1998-06-18,1,50,Vermont,50100219,1002,1.2510000467300415
2001-05-08,1,50,Vermont,50100227,1002,1.3739999532699585
2001-06-05,1,50,Vermont,50100228,1002,1.350000023841858
2002-02-07,1,50,Vermont,50100231,1002,1.468999981880188
2002-02-19,1,50,Vermont,50100232,1002,1.434999942779541
2002-02-19,1,50,Vermont,50100232,1002,1.4290000200271606
2001-05-08,1,50,Vermont,50100227,1002,1.4329999685287476
2001-06-05,1,50,Vermont,50100228,1002,1.3200000524520874
2002-02-07,1,50,Vermont,50100231,1002,1.524999976158142
2002-05-09,1,50,Vermont,50100233,1002,1.496000051498413
1999-09-28,1,50,Vermont,50100221,1002,1.2699999809265137
2002-02-07,1,50,Vermont,50100231,1002,1.531000018119812
1999-09-28,1,50,Vermont,50100221,1002,1.309000015258789
2001-11-14,1,50,Vermont,50100230,1002,1.434000015258789
1998-06-18,1,50,Vermont,50100219,1002,1.2960000038146973
1998-06-18,1,50,Vermont,50100219,1002,1.350000023841858
2003-01-03,1,50,Vermont,50100236,1002,1.4249999523162842
2001-05-08,1,50,Vermont,50100227,1002,1.3890000581741333
1999-09-28,1,50,Vermont,50100221,1002,1.3370000123977661
2001-05-08,1,50,Vermont,50100227,1002,1.4819999933242798
2003-01-03,1,50,Vermont,50100236,1002,1.4470000267028809
2003-01-03,1,50,Vermont,50100236,1002,1.496000051498413
2003-05-08,1,50,Vermont,50100237,1002,1.4240000247955322
1999-09-28,1,50,Vermont,50100221,1002,1.2990000247955322
2000-09-28,1,50,Vermont,50100224,1002,1.3589999675750732
2001-06-05,1,50,Vermont,50100228,1002,1.3380000591278076
2002-08-08,1,50,Vermont,50100234,1002,1.5119999647140503
2002-08-08,1,50,Vermont,50100234,1002,1.5880000591278076
2002-08-08,1,50,Vermont,50100234,1002,1.4889999628067017
2002-08-08,1,50,Vermont,50100234,1002,1.472000002861023
2000-09-28,1,50,Vermont,50100224,1002,1.3240000009536743
1993-05-05,1,53,Washington,53150106,1501,1.2319999933242798
1995-06-25,1,53,Washington,53150108,1501,1.2589999437332153
1992-05-20,1,53,Washington,53150105,1501,1.1349999904632568
1992-05-20,1,53,Washington,53150105,1501,1.1649999618530273
1994-08-15,1,53,Washington,53150107,1501,1.156000018119812
1996-09-03,1,53,Washington,53150109,1501,1.343999981880188
1990-12-02,1,53,Washington,53150103,1501,0.9819999933242798
1991-08-01,1,53,Washington,53150104,1501,1.093000054359436
1993-05-05,1,53,Washington,53150106,1501,1.2680000066757202
1995-06-25,1,53,Washington,53150108,1501,1.284000039100647
1990-07-30,1,53,Washington,53150102,1501,1.0140000581741333
1991-08-01,1,53,Washington,53150104,1501,1.0789999961853027
1990-12-02,1,53,Washington,53150103,1501,0.9890000224113464
1993-05-05,1,53,Washington,53150106,1501,1.2630000114440918
1991-08-01,1,53,Washington,53150104,1501,1.0750000476837158
1996-09-03,1,53,Washington,53150109,1501,1.3229999542236328
1990-12-02,1,53,Washington,53150103,1501,0.9890000224113464
1995-06-25,1,53,Washington,53150108,1501,1.2580000162124634
1991-08-01,1,53,Washington,53150104,1501,1.0520000457763672
1992-05-20,1,53,Washington,53150105,1501,1.1469999551773071
1995-06-25,1,53,Washington,53150108,1501,1.2799999713897705
1993-05-05,1,53,Washington,53150106,1501,1.2790000438690186
1996-09-03,1,53,Washington,53150109,1501,1.319000005722046
1994-08-15,1,53,Washington,53150107,1501,1.1610000133514404
1995-06-25,1,53,Washington,53150108,1501,1.2649999856948853
1996-09-03,1,53,Washington,53150109,1501,1.3389999866485596
1990-12-02,1,53,Washington,53150103,1501,1.0
1992-05-20,1,53,Washington,53150105,1501,1.128999948501587
1994-08-15,1,53,Washington,53150107,1501,1.1399999856948853
1991-08-01,1,53,Washington,53150104,1501,1.100000023841858
1994-08-15,1,53,Washington,53150107,1501,1.121000051498413
1990-12-02,1,53,Washington,53150103,1501,0.9860000014305115
1994-08-15,1,53,Washington,53150107,1501,1.1239999532699585
1993-05-05,1,53,Washington,53150106,1501,1.284000039100647
1992-05-20,1,53,Washington,53150105,1501,1.149999976158142
1996-09-03,1,53,Washington,53150109,1501,1.3300000429153442
1989-10-31,1,53,Washington,53150101,1501,0.8820000290870667
1990-07-30,1,53,Washington,53150102,1501,1.0119999647140503
1990-07-30,1,53,Washington,53150102,1501,1.0230000019073486
1997-10-06,1,53,Washington,53150110,1501,1.4730000495910645
1997-10-06,1,53,Washington,53150110,1501,1.4630000591278076
1998-05-14,1,53,Washington,53150111,1501,1.4759999513626099
1998-05-14,1,53,Washington,53150111,1501,1.4869999885559082
1989-10-31,1,53,Washington,53150101,1501,0.878000020980835
1989-10-31,1,53,Washington,53150101,1501,0.8930000066757202
1989-10-31,1,53,Washington,53150101,1501,0.8840000033378601
1997-10-06,1,53,Washington,53150110,1501,1.4830000400543213
1989-10-31,1,53,Washington,53150101,1501,0.9039999842643738
1997-10-06,1,53,Washington,53150110,1501,1.465000033378601
1998-05-14,1,53,Washington,53150111,1501,1.496999979019165
1998-05-14,1,53,Washington,53150111,1501,1.5019999742507935
1997-10-06,1,53,Washington,53150110,1501,1.4609999656677246
1998-05-14,1,53,Washington,53150111,1501,1.4800000190734863
2000-04-06,1,53,Washington,53150113,1501,1.6720000505447388
1999-05-12,1,53,Washington,53150112,1501,1.562000036239624
1990-07-30,1,53,Washington,53150102,1501,1.0369999408721924
1990-07-30,1,53,Washington,53150102,1501,0.9879999756813049
2000-04-06,1,53,Washington,53150113,1501,1.7029999494552612
2000-04-06,1,53,Washington,53150113,1501,1.680999994277954
2000-04-06,1,53,Washington,53150113,1501,1.7070000171661377
2000-04-06,1,53,Washington,53150113,1501,1.6970000267028809
1999-05-12,1,53,Washington,53150112,1501,1.562000036239624
1999-05-12,1,53,Washington,53150112,1501,1.5499999523162842
1999-05-12,1,53,Washington,53150112,1501,1.562999963760376
1999-05-12,1,53,Washington,53150112,1501,1.5579999685287476
1993-10-06,1,56,Wyoming,56201805,2018,1.0449999570846558
1990-10-24,1,56,Wyoming,56201802,2018,0.9100000262260437
1992-10-31,1,56,Wyoming,56201804,2018,1.0609999895095825
1992-10-31,1,56,Wyoming,56201804,2018,1.0329999923706055
1993-10-06,1,56,Wyoming,56201805,2018,1.0529999732971191
1991-11-03,1,56,Wyoming,56201803,2018,0.9990000128746033
1991-11-03,1,56,Wyoming,56201803,2018,0.9990000128746033
1992-10-31,1,56,Wyoming,56201804,2018,1.0570000410079956
1992-10-31,1,56,Wyoming,56201804,2018,1.0520000457763672
1991-11-03,1,56,Wyoming,56201803,2018,1.0119999647140503
1990-10-24,1,56,Wyoming,56201802,2018,0.8899999856948853
1990-10-24,1,56,Wyoming,56201802,2018,0.906000018119812
1993-10-06,1,56,Wyoming,56201805,2018,1.0499999523162842
1991-11-03,1,56,Wyoming,56201803,2018,1.0099999904632568
1990-10-24,1,56,Wyoming,56201802,2018,0.9139999747276306
1992-10-31,1,56,Wyoming,56201804,2018,1.0440000295639038
1990-10-24,1,56,Wyoming,56201802,2018,0.9120000004768372
1993-10-06,1,56,Wyoming,56201805,2018,1.0520000457763672
1993-10-06,1,56,Wyoming,56201805,2018,1.0490000247955322
1991-11-03,1,56,Wyoming,56201803,2018,1.0069999694824219
1989-09-21,1,56,Wyoming,56201801,2018,0.8889999985694885
1989-09-21,1,56,Wyoming,56201801,2018,0.8690000176429749
1989-09-21,1,56,Wyoming,56201801,2018,0.9309999942779541
1989-09-21,1,56,Wyoming,56201801,2018,0.9559999704360962
1989-09-21,1,56,Wyoming,56201801,2018,0.8960000276565552
1999-07-24,1,85,Newfoundland,85180111,1801,3.1530001163482666
1999-07-22,1,85,Newfoundland,85180809,1808,0.824999988079071
1999-07-24,1,85,Newfoundland,85180111,1801,3.0309998989105225
1994-08-16,1,85,Newfoundland,85180806,1808,0.9150000214576721
1994-08-16,1,85,Newfoundland,85180806,1808,0.921999990940094
1992-09-14,1,85,Newfoundland,85180804,1808,0.8970000147819519
1991-08-26,1,85,Newfoundland,85180803,1808,0.9399999976158142
1995-08-08,1,85,Newfoundland,85180807,1808,0.8659999966621399
1989-10-06,1,85,Newfoundland,85180801,1808,0.8610000014305115
1995-08-08,1,85,Newfoundland,85180807,1808,0.8690000176429749
1993-08-26,1,85,Newfoundland,85180805,1808,0.8420000076293945
1991-08-26,1,85,Newfoundland,85180803,1808,0.953000009059906
1999-07-24,1,85,Newfoundland,85180111,1801,3.1010000705718994
1999-07-24,1,85,Newfoundland,85180111,1801,3.13700008392334
1990-07-28,1,85,Newfoundland,85180802,1808,0.9559999704360962
1990-07-28,1,85,Newfoundland,85180802,1808,0.9200000166893005
1999-07-24,1,85,Newfoundland,85180111,1801,3.138000011444092
1990-07-28,1,85,Newfoundland,85180802,1808,0.9620000123977661
1990-07-28,1,85,Newfoundland,85180802,1808,0.9509999752044678
1990-07-28,1,85,Newfoundland,85180802,1808,0.9789999723434448
1993-08-27,1,85,Newfoundland,85180106,1801,2.4769999980926514
1999-07-22,1,85,Newfoundland,85180809,1808,0.8360000252723694
1995-08-09,1,85,Newfoundland,85180108,1801,2.6559998989105225
1993-08-27,1,85,Newfoundland,85180106,1801,2.4560000896453857
1993-08-27,1,85,Newfoundland,85180106,1801,2.431999921798706
1991-08-25,1,85,Newfoundland,85180103,1801,2.1740000247955322
1990-07-30,1,85,Newfoundland,85180102,1801,2.005000114440918
1994-08-13,1,85,Newfoundland,85180107,1801,2.515000104904175
1994-08-16,1,85,Newfoundland,85180806,1808,0.8980000019073486
1992-09-14,1,85,Newfoundland,85180804,1808,0.878000020980835
1991-08-26,1,85,Newfoundland,85180803,1808,0.9380000233650208
1994-08-16,1,85,Newfoundland,85180806,1808,0.8980000019073486
1999-07-22,1,85,Newfoundland,85180809,1808,0.828000009059906
1989-10-05,1,85,Newfoundland,85180101,1801,1.7899999618530273
1992-09-16,1,85,Newfoundland,85180105,1801,2.131999969482422
1995-08-09,1,85,Newfoundland,85180108,1801,2.634999990463257
1991-08-25,1,85,Newfoundland,85180103,1801,2.121999979019165
1992-09-16,1,85,Newfoundland,85180105,1801,2.134000062942505
1993-08-27,1,85,Newfoundland,85180106,1801,2.4690001010894775
1989-10-05,1,85,Newfoundland,85180101,1801,1.746000051498413
1994-08-13,1,85,Newfoundland,85180107,1801,2.5360000133514404
1994-08-13,1,85,Newfoundland,85180107,1801,2.493000030517578
1990-07-30,1,85,Newfoundland,85180102,1801,2.000999927520752
1995-08-09,1,85,Newfoundland,85180108,1801,2.621999979019165
1991-08-25,1,85,Newfoundland,85180103,1801,2.127000093460083
1989-10-05,1,85,Newfoundland,85180101,1801,1.7239999771118164
1989-10-05,1,85,Newfoundland,85180101,1801,1.7430000305175781
1992-09-16,1,85,Newfoundland,85180105,1801,2.121000051498413
1995-08-09,1,85,Newfoundland,85180108,1801,2.6429998874664307
1991-08-25,1,85,Newfoundland,85180103,1801,2.1510000228881836
1992-09-16,1,85,Newfoundland,85180105,1801,2.1679999828338623
1990-07-30,1,85,Newfoundland,85180102,1801,2.052999973297119
1993-08-27,1,85,Newfoundland,85180106,1801,2.4570000171661377
1995-08-09,1,85,Newfoundland,85180108,1801,2.6459999084472656
1994-08-13,1,85,Newfoundland,85180107,1801,2.5450000762939453
1989-10-05,1,85,Newfoundland,85180101,1801,1.7649999856948853
1990-07-30,1,85,Newfoundland,85180102,1801,2.003999948501587
1991-08-25,1,85,Newfoundland,85180103,1801,2.1419999599456787
1994-08-13,1,85,Newfoundland,85180107,1801,2.552999973297119
1992-09-16,1,85,Newfoundland,85180104,1801,2.1419999599456787
1990-07-30,1,85,Newfoundland,85180102,1801,2.0409998893737793
1989-10-06,1,85,Newfoundland,85180801,1808,0.8619999885559082
1993-08-26,1,85,Newfoundland,85180805,1808,0.8610000014305115
1992-09-14,1,85,Newfoundland,85180804,1808,0.9039999842643738
1989-10-06,1,85,Newfoundland,85180801,1808,0.8690000176429749
1995-08-08,1,85,Newfoundland,85180807,1808,0.8619999885559082
1993-08-26,1,85,Newfoundland,85180805,1808,0.8740000128746033
1991-08-26,1,85,Newfoundland,85180803,1808,0.953000009059906
1989-10-06,1,85,Newfoundland,85180801,1808,0.8500000238418579
1999-07-22,1,85,Newfoundland,85180809,1808,0.8270000219345093
1993-08-26,1,85,Newfoundland,85180805,1808,0.8659999966621399
1992-09-14,1,85,Newfoundland,85180804,1808,0.9049999713897705
1994-08-16,1,85,Newfoundland,85180806,1808,0.8989999890327454
1995-08-08,1,85,Newfoundland,85180807,1808,0.859000027179718
1995-08-08,1,85,Newfoundland,85180807,1808,0.8600000143051147
1991-08-26,1,85,Newfoundland,85180803,1808,0.9459999799728394
1992-09-14,1,85,Newfoundland,85180804,1808,0.8769999742507935
1989-10-06,1,85,Newfoundland,85180801,1808,0.8510000109672546
1993-08-26,1,85,Newfoundland,85180805,1808,0.8769999742507935
1997-07-31,1,85,Newfoundland,85180109,1801,2.9830000400543213
1997-07-31,1,85,Newfoundland,85180109,1801,2.9549999237060547
1997-07-30,1,85,Newfoundland,85180808,1808,0.8510000109672546
1997-07-30,1,85,Newfoundland,85180808,1808,0.8500000238418579
2010-09-15,1,85,Newfoundland,85180813,1808,0.8349999785423279
2010-09-15,1,85,Newfoundland,85180813,1808,0.8519999980926514
2010-09-15,1,85,Newfoundland,85180813,1808,0.8429999947547913
2010-09-15,1,85,Newfoundland,85180813,1808,0.8410000205039978
2003-09-30,1,85,Newfoundland,85180113,1801,3.5739998817443848
2001-08-30,1,85,Newfoundland,85180810,1808,0.7940000295639038
2005-06-19,1,85,Newfoundland,85180812,1808,0.7850000262260437
2003-09-30,1,85,Newfoundland,85180113,1801,3.437999963760376
2001-08-29,1,85,Newfoundland,85180112,1801,3.3340001106262207
2005-06-19,1,85,Newfoundland,85180812,1808,0.8040000200271606
2003-09-28,1,85,Newfoundland,85180811,1808,0.7689999938011169
2003-09-28,1,85,Newfoundland,85180811,1808,0.7670000195503235
2003-09-30,1,85,Newfoundland,85180113,1801,3.5369999408721924
2003-09-30,1,85,Newfoundland,85180113,1801,3.559999942779541
2010-09-15,1,85,Newfoundland,85180813,1808,0.8289999961853027
1999-07-22,1,85,Newfoundland,85180809,1808,0.8349999785423279
2003-09-28,1,85,Newfoundland,85180811,1808,0.7699999809265137
2003-09-28,1,85,Newfoundland,85180811,1808,0.7739999890327454
2005-06-19,1,85,Newfoundland,85180812,1808,0.7950000166893005
2005-06-21,1,85,Newfoundland,85180114,1801,3.927000045776367
2005-06-21,1,85,Newfoundland,85180114,1801,4.026000022888184
2005-06-21,1,85,Newfoundland,85180114,1801,4.09499979019165
2005-06-21,1,85,Newfoundland,85180114,1801,4.040999889373779
2005-06-21,1,85,Newfoundland,85180114,1801,3.934999942779541
2005-06-19,1,85,Newfoundland,85180812,1808,0.7919999957084656
2005-06-19,1,85,Newfoundland,85180812,1808,0.7990000247955322
2003-09-28,1,85,Newfoundland,85180811,1808,0.7839999794960022
2003-09-30,1,85,Newfoundland,85180113,1801,3.48799991607666
1997-07-31,1,85,Newfoundland,85180109,1801,2.9509999752044678
1997-07-30,1,85,Newfoundland,85180808,1808,0.8489999771118164
1997-07-31,1,85,Newfoundland,85180109,1801,2.9739999771118164
1997-07-30,1,85,Newfoundland,85180808,1808,0.8420000076293945
1997-07-30,1,85,Newfoundland,85180808,1808,0.8539999723434448
1997-07-31,1,85,Newfoundland,85180109,1801,2.9709999561309814
2001-08-30,1,85,Newfoundland,85180810,1808,0.8149999976158142
2001-08-29,1,85,Newfoundland,85180112,1801,3.3310000896453857
2001-08-29,1,85,Newfoundland,85180112,1801,3.3259999752044678
2001-08-29,1,85,Newfoundland,85180112,1801,3.2950000762939453
2001-08-29,1,85,Newfoundland,85180112,1801,3.25600004196167
1998-12-11,1,85,Newfoundland,85180110,1801,3.115999937057495
1998-12-11,1,85,Newfoundland,85180110,1801,3.132999897003174
2001-08-30,1,85,Newfoundland,85180810,1808,0.8190000057220459
1998-12-11,1,85,Newfoundland,85180110,1801,3.135999917984009
1998-12-11,1,85,Newfoundland,85180110,1801,3.125999927520752
1998-12-11,1,85,Newfoundland,85180110,1801,3.068000078201294
2001-08-30,1,85,Newfoundland,85180810,1808,0.8040000200271606
2001-08-30,1,85,Newfoundland,85180810,1808,0.8029999732971191
2015-10-02,1,85,Newfoundland,851808GH,1808,0.8489999771118164
2015-10-02,1,85,Newfoundland,851808GH,1808,0.8519999980926514
2015-10-02,1,85,Newfoundland,851808GH,1808,0.8600000143051147
2015-10-02,1,85,Newfoundland,851808GH,1808,0.8529999852180481
2015-10-02,1,85,Newfoundland,851808GH,1808,0.8600000143051147
2013-10-16,1,85,Newfoundland,851808GG,1808,0.8399999737739563
2013-10-16,1,85,Newfoundland,851808GG,1808,0.8460000157356262
2013-10-16,1,85,Newfoundland,851808GG,1808,0.8330000042915344
2013-10-16,1,85,Newfoundland,851808GG,1808,0.8399999737739563
2013-10-16,1,85,Newfoundland,851808GG,1808,0.8389999866485596
